[{"type":"Feature","properties":{"adm1_code":"BEL-2","diss_me":2,"iso_3166_2":"BE-WHT","wikipedia":null,"iso_a2":"BE","adm0_sr":1,"name":"Hainaut","name_alt":"Henegouwen","name_local":null,"type":"Province","type_en":"Province","code_local":null,"code_hasc":"BE.HT","note":null,"hasc_maybe":null,"region":"Walloon","region_cod":null,"provnum_ne":0,"gadm_level":1,"check_me":20,"scalerank":7,"datarank":8,"abbrev":null,"postal":null,"area_sqkm":0,"sameascity":-99,"labelrank":7,"featurecla":"Admin-1 scale rank","name_len":7,"mapcolor9":1,"mapcolor13":8,"fips":null,"fips_alt":null,"woe_id":7153299,"woe_label":"Hainault, BE, Belgium","woe_name":"Hainaut","latitude":50.521,"longitude":3.88925,"sov_a3":"BEL","adm0_a3":"BEL","adm0_label":2,"admin":"Belgium","geonunit":"Walloon Region","gu_a3":"BWR","gn_id":2796741,"gn_name":"Province du Hainaut","gns_id":-1959675,"gns_name":"Hennegau","gn_level":2,"gn_region":null,"gn_a1_code":"BE.WHT","region_sub":null,"sub_code":null,"gns_level":2,"gns_lang":null,"gns_adm1":null,"gns_region":"BE14","min_label":8.7,"max_label":11,"min_zoom":8.7},"geometry":{"type":"MultiPolygon","coordinates":[[[[3.704001016000035,50.78210573300008],[3.714543008000106,50.76864402200012],[3.757794537000109,50.780322451000146],[3.75779618200005,50.780322895],[3.77463482200011,50.74896996800014],[3.77464269900014,50.74895530100015],[3.81469193300012,50.75190085800007],[3.828024453000126,50.743503437000086],[3.884402746000092,50.751383996000115],[3.884403441000046,50.75138409300003],[3.894988299935193,50.734164335857784],[3.894997110000133,50.73415000300004],[3.887969115000118,50.717561869000136],[3.892770668000111,50.706409874000045],[3.892775023000127,50.70639975900009],[3.906934365000069,50.69466920900011],[3.928225056000144,50.689811624000086],[3.988841511000118,50.688726419000105],[4.00899532000011,50.69898419100018],[4.028012246000088,50.69503094400001],[4.051473347000041,50.702834085000134],[4.058501342000056,50.69601279600009],[4.072712360000111,50.71291099000017],[4.099739135000078,50.707123229],[4.099749993933642,50.707137344906315],[4.11244184711353,50.70687938147829],[4.09420006707947,50.70346873589348],[4.090220980713724,50.69060130530603],[4.091357863174892,50.65365265634507],[4.101124709237979,50.63603099213664],[4.118643018860212,50.63132843715762],[4.141845737191062,50.63357636185965],[4.173316684817195,50.66109406244102],[4.184323765229635,50.66388458950219],[4.20365074998216,50.64770986611744],[4.198586459797355,50.62678091091023],[4.251968214561458,50.618202623252515],[4.246490513226604,50.59732534398945],[4.278943311884319,50.593010361738735],[4.304109734976294,50.568128160386365],[4.333616977841302,50.57001434988241],[4.33082644988076,50.544563706849615],[4.355837843341817,50.56239207573377],[4.41252689000396,50.56626780931201],[4.422965528736199,50.559343167153386],[4.468079054204964,50.55954987182908],[4.472884962870722,50.554408067278516],[4.470094434910209,50.529732571500986],[4.503063999304175,50.540687975070014],[4.501875440898857,50.531386217000275],[4.516551548415237,50.52717458843652],[4.576754590751818,50.543426826187115],[4.558926221867694,50.49412750877751],[4.594789666110216,50.499863593430106],[4.58698652480831,50.49061351220378],[4.599337192357609,50.479838975788184],[4.586004672877351,50.45645539030407],[4.572465447822196,50.454930935114604],[4.582128940198459,50.44787710174681],[4.572672153397178,50.44177928278761],[4.615977003735793,50.42519114825292],[4.601094190644375,50.40428803236681],[4.585126173733954,50.40121328446544],[4.605848423366012,50.385736192171535],[4.581560500316812,50.36002716672037],[4.587865023951679,50.322484239456045],[4.520272250563949,50.31543040608831],[4.501978793686362,50.330442410388954],[4.47417687316414,50.32878876399029],[4.453764682793917,50.30623200080613],[4.398315871380419,50.31121877752456],[4.390150993973151,50.292537747019466],[4.372167596357485,50.29310618780032],[4.359248488027333,50.27806834597733],[4.325710482852543,50.276621406053025],[4.285971306830334,50.25796621396965],[4.302456088577628,50.2436001648157],[4.338939650444502,50.22977671981967],[4.346639438958931,50.23003510223823],[4.365139601411471,50.243729356025014],[4.386223586249514,50.24075796181042],[4.400537956761355,50.23372996686449],[4.38844567163045,50.20169057935671],[4.396558872194163,50.18735036952397],[4.360075311226666,50.16934113168783],[4.398367547324455,50.12642385497698],[4.385345086206826,50.10934479402694],[4.386171909406073,50.06929555874309],[4.390564406022548,50.05296580752609],[4.406739129407299,50.049322617944526],[4.414748976284272,49.99731028873886],[4.443997836730802,49.95896637579766],[4.430561965362443,49.93777903907143],[4.427719760558489,49.93367076329507],[4.427651208918206,49.9335716740968],[4.27759891700012,49.960155742000055],[4.215952935000132,49.954407670000094],[4.215945032765973,49.95440693329225],[4.201117798000041,49.953024394000025],[4.187681925000078,49.955504863],[4.131664673627824,49.97498687771419],[4.132364978000112,49.974945951000095],[4.139622843000041,49.97452179000008],[4.138382609000075,49.98919789700015],[4.132904907000096,50.004494121],[4.128150675000114,50.00578603100014],[4.132284790000114,50.017568258000054],[4.137349080000092,50.0250613410001],[4.14458378100008,50.03079742500016],[4.162877238000135,50.041804505000144],[4.186028279000141,50.05244984900004],[4.210006144000147,50.06014963800014],[4.210316203000048,50.0667125450001],[4.203391561000046,50.074670716000085],[4.197397095000042,50.08407582700012],[4.180550578000037,50.12722564700006],[4.170628703000148,50.130481262000146],[4.159880005000048,50.129396058000154],[4.139932902000112,50.12355662000006],[4.125773559000066,50.128155823000114],[4.128150675000114,50.14624257500013],[4.147374308000025,50.18634348600004],[4.152748657000103,50.204533590000054],[4.157296183000113,50.21269846600008],[4.167941528000114,50.222465312000125],[4.19150598100012,50.23429921500015],[4.20132450300008,50.24153391600011],[4.203701619000128,50.25197255400015],[4.197603800000081,50.258483785000024],[4.185201457000119,50.26546010400001],[4.17176558500006,50.27088612900009],[4.162773885000121,50.272953187000056],[4.150268189000116,50.269542542000025],[4.149751424000073,50.263134665000095],[4.150991658000123,50.25626169800002],[4.143653605000111,50.25161082000015],[4.125256795000041,50.25714019800016],[4.097868286000079,50.29481231699999],[4.077197713000146,50.30664622000002],[4.055907023000088,50.31455271500006],[4.022730753000076,50.33811716700016],[4.003300415000098,50.34405995700017],[3.982113077000122,50.342613017000176],[3.918551066000049,50.32545644100013],[3.895916789000097,50.32530141299999],[3.878036743000052,50.330779114000066],[3.860880168000079,50.33847890200015],[3.840209595000061,50.345196839],[3.798661743000082,50.34845245400008],[3.755046834000041,50.34633372100011],[3.741507609000053,50.34312978100003],[3.733446085000054,50.337238668000126],[3.71546268700007,50.31765330000009],[3.711121867000088,50.30933339500014],[3.708434692000083,50.30633616200011],[3.703887167000119,50.30432078000008],[3.702233520000078,50.30525095600002],[3.700786580000084,50.30468251600017],[3.696859172000131,50.298222962000025],[3.661719198000071,50.319306946000054],[3.652934204000076,50.36018300400015],[3.652830851000147,50.406846822000134],[3.644355916000052,50.445500793000136],[3.628129517000048,50.464362692000165],[3.608285766000051,50.47650665300016],[3.586374959000096,50.48348297100016],[3.56374068100007,50.48653188100009],[3.499145142000089,50.48679026300006],[3.486742798000137,50.492681376000164],[3.496457967000083,50.50379181000007],[3.498008260000091,50.51185333200006],[3.491497029000129,50.51707265200018],[3.477130982000119,50.519863180000144],[3.462868286000059,50.51913971000015],[3.45263635200007,50.51485056600008],[3.442714477000067,50.50849436500006],[3.429175252000078,50.50182810500014],[3.385353637000094,50.49164784800017],[3.361065714000091,50.489787497000165],[3.343599080000047,50.49293975900004],[3.299880819000066,50.50746083600008],[3.286755005000089,50.51407542000008],[3.27104537000011,50.52694285100007],[3.265877726000042,50.538311666000155],[3.264327433000091,50.57019602500013],[3.237869100000097,50.62647166],[3.229807576000042,50.65541046200018],[3.243760213000115,50.67210195000011],[3.232391398000118,50.69592478500009],[3.224433227000077,50.705174866],[3.210997355000103,50.707965394000055],[3.1969413650001,50.70920562800008],[3.188983195000048,50.715096742000085],[3.176684204000082,50.73411366800015],[3.162822752000096,50.74992512100003],[3.175068197000144,50.75271522200005],[3.219689492000043,50.76727459600015],[3.260823932000022,50.75234010700008],[3.303301960000056,50.75642254600008],[3.324582405000086,50.73715651100012],[3.324592650000056,50.737147236000155],[3.323146717000043,50.72346251500012],[3.323145710000063,50.72345298200004],[3.34779536800005,50.7119291370001],[3.353634805000127,50.71164491700013],[3.363453327000116,50.70965537500008],[3.367432412000085,50.71730348600006],[3.41275264300009,50.74740500800014],[3.457607785785513,50.768514830847394],[3.494143024000039,50.758877176000155],[3.533979145000046,50.76642072100019],[3.533985554000139,50.76642193500011],[3.540545448000046,50.73493961100009],[3.540548461000128,50.73492515000005],[3.60664261800008,50.73420167900015],[3.634651244000082,50.721851013],[3.675320596000063,50.771925475],[3.704001016000035,50.78210573300008]]],[[[2.971425415000112,50.75783315000011],[2.948377726000047,50.74868642200012],[2.930187622000119,50.73623240200014],[2.900111938000038,50.70310780900003],[2.886882772000149,50.69664825500017],[2.87127648900011,50.69876698900005],[2.86672588400009,50.70009100300008],[2.862501993000109,50.70955202200015],[2.842193154000086,50.75084149100017],[2.86880651700011,50.7612284530001],[2.875421100000096,50.762468688000055],[2.889632120000073,50.75414878200017],[2.918105834000102,50.757714456000045],[2.922446653000094,50.76696453800015],[2.960222126000133,50.77678306000003],[2.960205294000076,50.77679573700003],[2.939706582000071,50.79223431300012],[2.939707890000108,50.79224056400001],[2.940636758000039,50.79667848600003],[2.998824421000052,50.8116129750001],[3.014424008000049,50.805130366000085],[3.014430704000091,50.80512758300013],[3.022962125000049,50.77161825600008],[3.023816593000049,50.76826211600003],[2.971425415000112,50.75783315000011]]]]}},{"type":"Feature","properties":{"adm1_code":"BEL-3","diss_me":3,"iso_3166_2":"BE-VLI","wikipedia":null,"iso_a2":"BE","adm0_sr":1,"name":"Limburg","name_alt":null,"name_local":null,"type":"Province","type_en":"Province","code_local":null,"code_hasc":"BE.LI","note":null,"hasc_maybe":null,"region":"Flemish","region_cod":null,"provnum_ne":0,"gadm_level":1,"check_me":20,"scalerank":7,"datarank":8,"abbrev":null,"postal":null,"area_sqkm":0,"sameascity":-99,"labelrank":7,"featurecla":"Admin-1 scale rank","name_len":7,"mapcolor9":1,"mapcolor13":8,"fips":null,"fips_alt":null,"woe_id":7153301,"woe_label":"Limburg, BE, Belgium","woe_name":"Limburg","latitude":50.9954,"longitude":5.41314,"sov_a3":"BEL","adm0_a3":"BEL","adm0_label":2,"admin":"Belgium","geonunit":"Flemish Region","gu_a3":"BFR","gn_id":2792347,"gn_name":"Provincie Limburg","gns_id":-1964082,"gns_name":"Limberg","gn_level":2,"gn_region":null,"gn_a1_code":"BE.VLI","region_sub":null,"sub_code":null,"gns_level":2,"gns_lang":null,"gns_adm1":null,"gns_region":"BE13","min_label":8.7,"max_label":11,"min_zoom":8.7},"geometry":{"type":"MultiPolygon","coordinates":[[[[5.782933390000039,50.75669627000009],[5.793165324000114,50.75214874300015],[5.879878377000068,50.75354400600004],[5.891287548000122,50.751246327],[5.910157819000119,50.73596956200005],[5.91017126300008,50.73595867800013],[5.886916869000061,50.71335023900009],[5.878183552000081,50.71099896200015],[5.854154011000048,50.718853779000185],[5.818290567000105,50.7155981640001],[5.775967568000112,50.75120322600016],[5.750284382000132,50.7468624050001],[5.735298216000047,50.75637086900018],[5.732776968000081,50.758851489000065],[5.74355594900004,50.769098613000054],[5.752444296000135,50.773439433000036],[5.762469523000078,50.77101064099999],[5.782933390000039,50.75669627000009]]],[[[5.535196573000121,51.26204010000002],[5.542327921000066,51.24266143900003],[5.54553186000004,51.21992380800005],[5.551406597018484,51.21676713404814],[5.568372843000134,51.20765065500002],[5.62501021300011,51.196901957000094],[5.638549438000098,51.190907491000175],[5.648161255000105,51.183957011000174],[5.659013306000048,51.17907358800015],[5.676169881000106,51.17917694099999],[5.718027791000083,51.18460296700006],[5.730843547000063,51.183750306000135],[5.74717329900011,51.17760081000016],[5.768050577000082,51.15946238300005],[5.781383098000106,51.1524085490001],[5.812078898000038,51.15731781000015],[5.829132121000072,51.15646514900011],[5.838020467000092,51.14372690900014],[5.840500936000069,51.138921],[5.826444946000038,51.130161845000075],[5.823241007000064,51.118741354000164],[5.845978638000048,51.103393454000084],[5.836780232000137,51.09949188300014],[5.826651652000095,51.096908061000036],[5.81590295400008,51.09587453200005],[5.804947550000094,51.096623840000134],[5.807428019000071,51.08938914],[5.808978312000107,51.08634023000015],[5.81176884000007,51.082309469000066],[5.804327434000129,51.06858937600013],[5.798849731000132,51.06148386600002],[5.791304972000091,51.05499847500015],[5.779626098000023,51.06130299900015],[5.771461222000113,51.058124899000106],[5.766396932000134,51.04843556800016],[5.764019816000086,51.035180563000054],[5.777559041000075,51.023553366],[5.761746053000081,50.999162090000155],[5.722368612000082,50.959422913000154],[5.744692830000133,50.963246969000025],[5.75430464700014,50.963091940000155],[5.764019816000086,50.959422913000154],[5.752547648000075,50.94722727500006],[5.73528771900007,50.923972881000125],[5.722368612000082,50.9116738900001],[5.717614380000072,50.909245097000124],[5.706038859000046,50.906609599000134],[5.694463338000077,50.903664042000045],[5.622323039000094,50.852659404000164],[5.624493448000067,50.83028350900018],[5.640719849000078,50.81503896100004],[5.657432381000092,50.807640982000166],[5.608484252000096,50.77642132500013],[5.521926228000069,50.76003989600018],[5.52383825600009,50.743761820000046],[5.496811481000066,50.728853169],[5.480843464000117,50.726398538000055],[5.461154743000066,50.73996360100004],[5.453248249000126,50.722264424000016],[5.430975706000083,50.720869160000134],[5.404103962000079,50.72748374300012],[5.404094921000109,50.72749811700008],[5.391753294000097,50.747120787000156],[5.391752632000134,50.74712096899999],[5.378214069000137,50.75084149100017],[5.332118692000108,50.740971293000186],[5.312274941000112,50.72970583000013],[5.307365681000078,50.71838869100016],[5.275584675000061,50.72944744800016],[5.24339025800009,50.71686423700005],[5.243380921000039,50.716878909000016],[5.236155557000131,50.72823305100003],[5.236155317000112,50.72823273700003],[5.228920857000077,50.71875042600006],[5.169389719000094,50.723556326000065],[5.169389606000095,50.72355633500017],[5.180438604000102,50.70716354600016],[5.180448363000096,50.707149067],[5.167735961000062,50.69725303000003],[5.101125039000038,50.70975872700002],[5.101102895041379,50.70975634409017],[5.10111534979356,50.709773261327015],[5.120442336344809,50.73602488913731],[5.10111534979356,50.743311266501806],[5.114551222061209,50.76356842724114],[5.106386345553403,50.78196523690612],[5.15160322380973,50.811627509402044],[5.129485711096692,50.81658844679946],[5.136513706042706,50.85025564228398],[5.153205194264331,50.87963369393991],[5.172687208647744,50.87544790289839],[5.177493117313531,50.87862600448652],[5.186226433702984,50.906298732900225],[5.171653679873458,50.9143085797772],[5.136617058830268,50.91459279971794],[5.133154738200602,50.92252513312833],[5.094552442840978,50.91097545035673],[5.077809278675289,50.92257680907248],[5.061221144140518,50.918029282825174],[5.05465823718788,50.92123322193565],[5.041480747338625,50.94309235312956],[5.081685011354182,50.96564911631371],[5.082615187340991,50.987740789705654],[5.124369744068446,50.99983307573585],[5.117961866746725,51.023345852429244],[5.127780388753962,51.024947821984384],[5.132948031726272,51.016989651051475],[5.158269484449136,51.02350088206005],[5.131191034338769,51.0454633651422],[5.108918491095551,51.05187124336321],[5.080858189054226,51.04954580339613],[5.081013217785767,51.02448273399092],[5.063184848901642,51.01745473904502],[5.042514276112996,51.025567938709386],[5.022463820049268,51.020658678155385],[5.006340772608581,51.04039907495739],[4.980915967997589,51.036006578341],[5.009699741349948,51.06143138295188],[5.009803094137453,51.07512563673883],[5.089849887862073,51.08520254206367],[5.13026085835196,51.11755198793399],[5.180386997162259,51.11920563433266],[5.203021273812709,51.14000539833047],[5.235370720582324,51.134036770580465],[5.260433790886793,51.14806692205077],[5.257178174932818,51.188477892540774],[5.216508822923799,51.2124815938504],[5.2274125496495,51.25067047806017],[5.239455934072112,51.256930182091125],[5.270716593000145,51.261833395000124],[5.389055623000104,51.258706971],[5.409932901000076,51.26353871700012],[5.451894165000084,51.28211639400014],[5.471634562000133,51.28808502300008],[5.49323531100012,51.28653472900005],[5.516696411000083,51.277232972000135],[5.535196573000121,51.26204010000002]]]]}},{"type":"Feature","properties":{"adm1_code":"BEL-3474","diss_me":3474,"iso_3166_2":"BE-BRU","wikipedia":null,"iso_a2":"BE","adm0_sr":1,"name":"Brussels","name_alt":"Bruselas|Brussel Hoofstadt|Brusselse Hoofdstedelijke Gewest|Brüssel|Bruxelas|Région de Bruxelles-Capitale","name_local":null,"type":"Hoofdstedelijk Gewest|Région Capitale","type_en":"Capital Region","code_local":null,"code_hasc":"BE.BU","note":"Formerly part of Brabant (since 1962)","hasc_maybe":null,"region":"Capital Region","region_cod":null,"provnum_ne":0,"gadm_level":1,"check_me":20,"scalerank":7,"datarank":8,"abbrev":null,"postal":null,"area_sqkm":0,"sameascity":9,"labelrank":9,"featurecla":"Admin-1 scale rank","name_len":8,"mapcolor9":1,"mapcolor13":8,"fips":"BE11","fips_alt":"BE","woe_id":55965974,"woe_label":"Capital Region of Brussels, BE, Belgium","woe_name":"Brussels","latitude":50.8332,"longitude":4.36266,"sov_a3":"BEL","adm0_a3":"BEL","adm0_label":2,"admin":"Belgium","geonunit":"Brussels Capital Region","gu_a3":"BCR","gn_id":6693370,"gn_name":"(Bruxelles-Capitale)","gns_id":-2148026,"gns_name":"Krimpen aan den IJssel, Gemeente","gn_level":2,"gn_region":null,"gn_a1_code":"BE.BRU","region_sub":null,"sub_code":null,"gns_level":2,"gns_lang":null,"gns_adm1":null,"gns_region":"NL11","min_label":8.7,"max_label":11,"min_zoom":8.7},"geometry":{"type":"Polygon","coordinates":[[[4.479767617000107,50.795412414000026],[4.398428913000117,50.76779136000005],[4.377241576000074,50.76463909800006],[4.355279092000103,50.767145405000065],[4.327632201000085,50.77897930800006],[4.30122554400009,50.81440350300008],[4.283035439000059,50.80840903600006],[4.24557002700007,50.82163820300005],[4.24557680300012,50.82164692300006],[4.257455606000121,50.8369344270001],[4.282828734000105,50.83962160200005],[4.289184935000122,50.856416442000096],[4.28917424200003,50.85642832300002],[4.278953001000048,50.867785257],[4.278954598000098,50.867787251000095],[4.297918253000091,50.891453063000114],[4.334608519000085,50.9031319370001],[4.377344929000088,50.89858441000007],[4.403286498000028,50.91481081100008],[4.420494749000113,50.90633587600007],[4.436194492000055,50.88929339200004],[4.436204385000082,50.88928265300004],[4.435687621000056,50.87967083700002],[4.420039717000122,50.86949711800008],[4.420029661000086,50.869490580000075],[4.460230903000109,50.85321372700005],[4.460233926000114,50.85321250300004],[4.476098590000021,50.821534850000035],[4.454911254000052,50.819777851000055],[4.446494611000077,50.810999758],[4.446487995000069,50.81099285800008],[4.479745550000075,50.79542274500008],[4.479767617000107,50.795412414000026]]]}},{"type":"Feature","properties":{"adm1_code":"BEL-3475","diss_me":3475,"iso_3166_2":"BE-VBR","wikipedia":null,"iso_a2":"BE","adm0_sr":1,"name":"Flemish Brabant","name_alt":"Vlaams Brabant|Flamish-Brabant|Brabant flamand","name_local":null,"type":"Province","type_en":"Province","code_local":null,"code_hasc":"BE.VB","note":null,"hasc_maybe":null,"region":"Flemish","region_cod":null,"provnum_ne":0,"gadm_level":1,"check_me":20,"scalerank":7,"datarank":8,"abbrev":null,"postal":null,"area_sqkm":0,"sameascity":-99,"labelrank":7,"featurecla":"Admin-1 scale rank","name_len":15,"mapcolor9":1,"mapcolor13":8,"fips":null,"fips_alt":"BE12","woe_id":22525998,"woe_label":"Vlaams Brabant, BE, Belgium","woe_name":"Flemish Brabant","latitude":50.8709,"longitude":4.53709,"sov_a3":"BEL","adm0_a3":"BEL","adm0_label":2,"admin":"Belgium","geonunit":"Flemish Region","gu_a3":"BFR","gn_id":3333250,"gn_name":"Provincie Vlaams-Brabant","gns_id":6079473,"gns_name":"Brabant Flamand","gn_level":2,"gn_region":null,"gn_a1_code":"BE.VBR","region_sub":null,"sub_code":null,"gns_level":2,"gns_lang":null,"gns_adm1":null,"gns_region":"BE13","min_label":8.7,"max_label":11,"min_zoom":8.7},"geometry":{"type":"Polygon","coordinates":[[[5.132948031726272,51.01698965105152],[5.127780388753962,51.024947821984426],[5.117961866746725,51.0233458524292],[5.124369744068446,50.99983307573581],[5.082615187340991,50.98774078970561],[5.081685011354182,50.96564911631367],[5.041480747338625,50.943092353129515],[5.05465823718788,50.92123322193558],[5.061221144140518,50.91802928282513],[5.077809278675289,50.92257680907244],[5.094552442840978,50.91097545035669],[5.133154738200602,50.922525133128374],[5.136617058830268,50.914592799717894],[5.171653679873458,50.914308579777156],[5.186226433702984,50.90629873290018],[5.177493117313531,50.87862600448645],[5.172687208647744,50.87544790289843],[5.153205194264331,50.87963369393984],[5.136513706042706,50.850255642284026],[5.129485711096692,50.816588446799415],[5.15160322380973,50.811627509402],[5.106386345553403,50.78196523690616],[5.114551222061209,50.76356842724118],[5.101115349793531,50.74331126650176],[5.12044233634478,50.73602488913727],[5.101115349793531,50.70977326132697],[5.101102895041379,50.709756344090096],[5.074718383000061,50.706916523000075],[5.059525511000032,50.71156740300006],[5.043040729000069,50.72510662800005],[5.043040916000081,50.72511305000003],[5.043557493000094,50.74283164400006],[5.043547489000076,50.742835366000094],[5.019114542000068,50.75192669600003],[5.019103290042466,50.75193237613914],[4.981442422000043,50.77094362300008],[4.93234981100008,50.746293964000074],[4.917208617000085,50.74479534800008],[4.90454789100005,50.751564961000014],[4.904549544000076,50.75157343100011],[4.908061888000077,50.769574198000015],[4.908049201000097,50.76957336800004],[4.832614298000095,50.76463909800006],[4.832620452000072,50.76465466800002],[4.836903441000061,50.77549114900012],[4.836888355000042,50.77549202700001],[4.812925577000044,50.776886413000085],[4.791531533000125,50.799469013000135],[4.749621947000122,50.80866741900013],[4.722853555000057,50.80256960000008],[4.714171914000104,50.78980552100012],[4.714163395000099,50.78982177500012],[4.710244505000048,50.79729860300006],[4.710242762000064,50.797297977000085],[4.692674518000075,50.790994079000114],[4.640481322000085,50.79957236600006],[4.636348097000052,50.77399804100011],[4.636347207000057,50.77399253200011],[4.654627032000064,50.75839787900006],[4.654640664000027,50.758386250000086],[4.635210326000049,50.744071878000085],[4.601827350000093,50.74293499600009],[4.601823778000039,50.74294973900004],[4.596556355000047,50.764690775000076],[4.59655107100005,50.764687122000055],[4.572940225000139,50.74836102200004],[4.529170287000056,50.74182395300008],[4.526948200000049,50.729447448000116],[4.495115518000091,50.74107464500008],[4.490206257000068,50.746087259000035],[4.49020751900008,50.74609061000004],[4.49454707700005,50.75761110300007],[4.494532424000056,50.757612459000086],[4.480026,50.758954690000024],[4.458011839000108,50.75456219400013],[4.42173498400004,50.73655295800003],[4.373675902000087,50.73182456300006],[4.367888142000112,50.716735045000064],[4.3490262440001,50.71761354500009],[4.329905964000091,50.73430503300003],[4.322622854000116,50.72903639900002],[4.322619587000105,50.72903403600009],[4.333249524000081,50.719049120000136],[4.333264932000105,50.719034647000086],[4.311405801000063,50.718802103000115],[4.308770303000045,50.70355755600008],[4.301845661000073,50.69828655900005],[4.287221230000085,50.695237649000035],[4.259574340000086,50.70107708600011],[4.239988972000077,50.69203371000006],[4.207432819000104,50.709086934000084],[4.180251016000028,50.70872519900007],[4.158598591000043,50.72784547900008],[4.149038451000052,50.73037762300007],[4.13911657500006,50.727948831000106],[4.131830199000092,50.716941751],[4.107490599000073,50.71720013300009],[4.099749993933642,50.70713734490636],[4.09973913500005,50.70712322900005],[4.072712360000111,50.712910990000125],[4.058501342000056,50.69601279600002],[4.051473347000041,50.70283408500009],[4.02801224600006,50.69503094400005],[4.00899532000011,50.698984191000136],[3.988841511000118,50.68872641900006],[3.928225056000144,50.68981162400004],[3.906934365000069,50.69466920900007],[3.892775023000127,50.70639975900005],[3.892770668000111,50.70640987400009],[3.887969115000118,50.71756186900009],[3.894997110000133,50.73415000300008],[3.894988299935193,50.73416433585783],[3.918293490552145,50.728841865459714],[3.950642938221023,50.734112861219586],[3.952038202201294,50.73948720976685],[3.931160922938233,50.75757396106937],[3.943976677581617,50.77535065400946],[3.956275669186766,50.77976898904757],[3.982165561791305,50.766849880717416],[3.999270461162865,50.78046662013841],[4.013326450155603,50.77214671489898],[4.03037967268375,50.776487535571334],[4.060352004441484,50.792636420534365],[4.074873081427569,50.82072256099741],[4.065984735407227,50.835424506036105],[4.040404901165232,50.83844757799332],[4.087120396189391,50.88139069312598],[4.088102248120265,50.891932685545015],[4.073632847078215,50.900045885209465],[4.100142856407643,50.912499905546156],[4.091254510387387,50.93182689119803],[4.137039829424566,50.91957957643629],[4.160190870911975,50.929914863280345],[4.160707634849473,50.94265310355786],[4.146496616225932,50.97058421528928],[4.161741163623788,50.990582994509566],[4.19414228723673,50.98350332272014],[4.217086623149072,50.99011790651622],[4.240341017423987,51.03807363499024],[4.274602492111285,51.04368052843364],[4.298890415160571,51.0410191925817],[4.348189730771452,51.02701487953311],[4.341420119143208,51.01993520774366],[4.347931349252349,51.01791982703841],[4.379092237616646,51.03109731688758],[4.369532098027861,51.01593028385551],[4.388238966055468,51.01228709607258],[4.393096550665319,50.99745595982466],[4.453816358737953,51.00680939383838],[4.476140577925349,50.99239166874048],[4.494279006071281,51.00972911210883],[4.52802371592179,50.993425198414144],[4.54616214406775,51.004122219564806],[4.578046501944527,50.992288315953004],[4.593394403029322,50.99210744879966],[4.606468540091072,51.01249380074836],[4.679383986082115,51.024844469196836],[4.706255730617443,51.01559438707133],[4.694938591842515,50.99978139889245],[4.733902622408095,51.02735077631726],[4.756020135121133,51.02437938120349],[4.788679640253179,51.040089015695514],[4.805732862781412,51.01652456305814],[4.818548618324087,51.01107270014495],[4.870586785951417,51.02468943956603],[4.882834099813863,51.020865383730495],[4.909705845248538,51.03590322555337],[4.948308139708871,51.04572174756052],[4.967066684579834,51.04647105639418],[4.980915967997589,51.03600657834093],[5.006340772608581,51.04039907495732],[5.022463820049268,51.02065867815543],[5.042514276112996,51.0255679387094],[5.063184848901642,51.01745473904495],[5.081013217785767,51.024482733990965],[5.080858189054226,51.049545803396086],[5.108918491095551,51.051871243363166],[5.131191034338769,51.045463365142126],[5.158269484449136,51.023500882060006],[5.132948031726272,51.01698965105152]],[[4.479767617000107,50.795412414000026],[4.479745550000075,50.79542274500008],[4.446487995000069,50.81099285800008],[4.446494611000077,50.810999758],[4.454911254000052,50.819777851000055],[4.476098590000021,50.821534850000035],[4.460233926000114,50.85321250300004],[4.460230903000109,50.85321372700005],[4.420029661000086,50.869490580000075],[4.420039717000122,50.86949711800008],[4.435687621000056,50.87967083700002],[4.436204385000082,50.88928265300004],[4.436194492000055,50.88929339200004],[4.420494749000113,50.90633587600007],[4.403286498000028,50.91481081100008],[4.377344929000088,50.89858441000007],[4.334608519000085,50.9031319370001],[4.297918253000091,50.891453063000114],[4.278954598000098,50.867787251000095],[4.278953001000048,50.867785257],[4.28917424200003,50.85642832300002],[4.289184935000122,50.856416442000096],[4.282828734000105,50.83962160200005],[4.257455606000121,50.8369344270001],[4.24557680300012,50.82164692300006],[4.24557002700007,50.82163820300005],[4.283035439000059,50.80840903600006],[4.30122554400009,50.81440350300008],[4.327632201000085,50.77897930800006],[4.355279092000103,50.767145405000065],[4.377241576000074,50.76463909800006],[4.398428913000117,50.76779136000005],[4.479767617000107,50.795412414000026]]]}},{"type":"Feature","properties":{"adm1_code":"BEL-3476","diss_me":3476,"iso_3166_2":"BE-WNA","wikipedia":null,"iso_a2":"BE","adm0_sr":1,"name":"Namur","name_alt":"Namen","name_local":null,"type":"Province","type_en":"Province","code_local":null,"code_hasc":"BE.NA","note":null,"hasc_maybe":null,"region":"Walloon","region_cod":null,"provnum_ne":0,"gadm_level":1,"check_me":20,"scalerank":7,"datarank":8,"abbrev":null,"postal":null,"area_sqkm":0,"sameascity":7,"labelrank":7,"featurecla":"Admin-1 scale rank","name_len":5,"mapcolor9":1,"mapcolor13":8,"fips":null,"fips_alt":null,"woe_id":7153303,"woe_label":"Namur, BE, Belgium","woe_name":"Namur","latitude":50.3244,"longitude":4.88712,"sov_a3":"BEL","adm0_a3":"BEL","adm0_label":2,"admin":"Belgium","geonunit":"Walloon Region","gu_a3":"BWR","gn_id":2790469,"gn_name":"Province de Namur","gns_id":-1965964,"gns_name":"Namen","gn_level":2,"gn_region":null,"gn_a1_code":"BE.WNA","region_sub":null,"sub_code":null,"gns_level":2,"gns_lang":null,"gns_adm1":null,"gns_region":"BE14","min_label":8.7,"max_label":11,"min_zoom":8.7},"geometry":{"type":"Polygon","coordinates":[[[4.982569614396255,50.64336904634442],[4.979107292867212,50.61928782797091],[5.02773481580914,50.58993561473679],[5.053366326894462,50.541928209419325],[5.034556105180087,50.53288483286869],[5.09036665179957,50.530921129006856],[5.105352816779032,50.50735667636951],[5.119047072364538,50.50575470591491],[5.14281823057695,50.51288605454778],[5.129279006421001,50.50456614840897],[5.136255323624312,50.4887531602302],[5.156047397269532,50.49061351220382],[5.151034783928168,50.48188019491511],[5.162093540284673,50.46994293941509],[5.195941602922659,50.4786245789611],[5.217594027642235,50.464671942755956],[5.236094190994066,50.438058579739675],[5.220487909289545,50.41842153572526],[5.232786899096112,50.40555410423855],[5.282396273968914,50.396949978158915],[5.281259393306414,50.378449814807084],[5.295108676724084,50.366176663422294],[5.349937371412523,50.38974111605967],[5.392415398551833,50.38046519641162],[5.401200391784698,50.36757192650319],[5.380219760633423,50.349640203932296],[5.39443078015637,50.33775462527572],[5.34006717256193,50.311838894249576],[5.347766961076445,50.30664541285549],[5.360220981413136,50.318143418783734],[5.383372022900573,50.3191769484574],[5.393655632901186,50.30323476817006],[5.392673780970227,50.28806773513779],[5.365181918810549,50.26969676389453],[5.294488559999024,50.240447903447915],[5.283998244423515,50.24923289758016],[5.27304283995511,50.24853526469073],[5.250718620767742,50.238845933892776],[5.253250767209153,50.227063707124415],[5.224466993856709,50.22825226552962],[5.205863477717315,50.21990652096912],[5.244362420289519,50.206186427861354],[5.233510368608592,50.1962645530667],[5.24555097779546,50.19621287712255],[5.244052361926975,50.18600678238707],[5.279554070963627,50.15947093373657],[5.270252312893859,50.141435859277465],[5.241778598803336,50.13554474499395],[5.26725508025774,50.1203001984953],[5.262190789173559,50.10960317644546],[5.235370720582324,50.11130849878819],[5.208292271371221,50.09906118402637],[5.187001580058876,50.09621898102114],[5.093312209391001,50.09200735155801],[5.072073194921984,50.096761583380385],[5.066233758381259,50.12477020947756],[5.051505974920843,50.086322943748854],[5.060187616265495,50.08061269841724],[5.049645622947111,50.06371450552001],[5.016986117815065,50.041829535904384],[5.007322625438832,50.03968496398991],[4.998175897000067,50.04583445889318],[4.991147902054053,50.03033152907676],[4.972182650708788,50.03064158833857],[4.996522250601316,50.0153453640973],[5.009441358931554,49.98271169738686],[5.020035028194002,49.97927521427971],[5.062564731277263,49.984778754036256],[5.071763135660149,49.971291204925194],[5.10096032106199,49.96155019818306],[5.09723961801393,49.939277655839135],[5.11889204273362,49.92529918121224],[5.06871422707988,49.91240591130372],[5.043237745625476,49.89685130554335],[5.059929232947752,49.886102607549276],[4.984946730307399,49.85127269118178],[4.98065758557911,49.842539373892976],[4.989184198192135,49.82336741787199],[4.976265089862011,49.82093862601681],[4.971769239558768,49.80388540348858],[4.968513625403517,49.7972708196925],[4.968370956977111,49.79698095625304],[4.950012654000119,49.796393128000034],[4.906604451000106,49.786471252000126],[4.884176879000023,49.784145813000094],[4.858028605000101,49.786574605000055],[4.849036906000066,49.79417104100011],[4.849243611000134,49.831584778000064],[4.846763142000071,49.8375275680001],[4.836944620000082,49.84801788400006],[4.834877564000124,49.853030498000095],[4.836737915000128,49.85912831700006],[4.845626261000064,49.865846253000086],[4.848933553000052,49.871065572000106],[4.854307902000102,49.883312887000045],[4.85937219200008,49.89168446900001],[4.861956014000071,49.90031443300006],[4.860199016000109,49.91333689400008],[4.84459273300007,49.931733704000095],[4.797257120000097,49.94429107700009],[4.783924601000081,49.9582953900001],[4.788265422000052,49.97426340800004],[4.826712687000111,50.03601674400002],[4.827642863000051,50.04671376600004],[4.826092570000128,50.05503367200009],[4.827229451000051,50.06407704700004],[4.846039673000064,50.090690410000065],[4.852137492000111,50.09162058600003],[4.86288619000004,50.08407582700008],[4.865159953000045,50.101594137000035],[4.870534302000124,50.12226471000005],[4.871877889000075,50.13978302000001],[4.862679484000068,50.14758616200004],[4.831363566000078,50.1434003710001],[4.820098103000106,50.14644928000013],[4.815550578000085,50.161332092000066],[4.788575480000134,50.1533739220001],[4.681915324000073,50.08392079700013],[4.67612756300008,50.076065980000095],[4.673440389000064,50.06619578100003],[4.675817505000111,50.060201315000086],[4.67953820800011,50.055188700000116],[4.680571737000093,50.048315735000074],[4.672923624000106,50.01637970000007],[4.665895629000119,50.00051503500006],[4.656697225000102,49.98909454400007],[4.645845174000073,49.984495342000116],[4.60419396900005,49.98020619800005],[4.464770956000081,49.93560943600005],[4.435108683000095,49.93225046800012],[4.427651208918206,49.933571674096726],[4.42771976055846,49.93367076329508],[4.430561965362415,49.93777903907139],[4.443997836730802,49.958966375797615],[4.414748976284272,49.99731028873882],[4.406739129407299,50.049322617944455],[4.390564406022548,50.05296580752602],[4.386171909406073,50.06929555874305],[4.385345086206826,50.10934479402698],[4.398367547324455,50.126423854976935],[4.360075311226666,50.16934113168787],[4.396558872194163,50.18735036952393],[4.38844567163045,50.20169057935675],[4.400537956761355,50.233729966864445],[4.386223586249486,50.24075796181046],[4.365139601411471,50.24372935602494],[4.346639438958931,50.23003510223819],[4.338939650444502,50.22977671981971],[4.302456088577628,50.243600164815746],[4.285971306830334,50.25796621396958],[4.325710482852543,50.27662140605304],[4.359248488027333,50.278068345977374],[4.372167596357485,50.29310618780025],[4.390150993973151,50.29253774701942],[4.39831587138039,50.31121877752449],[4.453764682793917,50.306232000806176],[4.47417687316414,50.32878876399025],[4.501978793686362,50.33044241038888],[4.52027225056392,50.31543040608835],[4.587865023951679,50.32248423945606],[4.581560500316812,50.3600271667203],[4.605848423366012,50.38573619217149],[4.585126173733954,50.401213284465484],[4.601094190644375,50.404288032366736],[4.615977003735793,50.42519114825288],[4.572672153397178,50.44177928278765],[4.582128940198459,50.447877101746826],[4.572465447822196,50.45493093511456],[4.586004672877323,50.45645539030403],[4.599337192357581,50.47983897578811],[4.586986524808282,50.49061351220382],[4.594789666110216,50.499863593430035],[4.558926221867694,50.49412750877744],[4.576754590751818,50.54342682618707],[4.573188918234052,50.560428371871865],[4.590138787075432,50.56892914516391],[4.60781212722793,50.57047943787572],[4.644192336307214,50.56223704700207],[4.666619907382795,50.565440986112634],[4.655044386189502,50.59657603605521],[4.666103143445298,50.60848745403277],[4.67576663582156,50.60853912997683],[4.703723585974757,50.596059272117714],[4.708271112222064,50.607092190052526],[4.734109327983163,50.611665553822235],[4.740465529360648,50.59156342181447],[4.780721470219646,50.601614487818324],[4.791935256207069,50.59096914351119],[4.788059522628828,50.602622179070266],[4.793227165601195,50.60567108854991],[4.900404087178885,50.62368032548656],[4.901437615953284,50.629829820389915],[4.927947625282712,50.62835704204389],[4.950840285250933,50.64796824853579],[4.982569614396255,50.64336904634442]]]}},{"type":"Feature","properties":{"adm1_code":"BEL-3477","diss_me":3477,"iso_3166_2":"BE-WLX","wikipedia":null,"iso_a2":"BE","adm0_sr":1,"name":"Luxembourg","name_alt":"Luxemburg","name_local":null,"type":"Province","type_en":"Province","code_local":null,"code_hasc":"BE.LX","note":null,"hasc_maybe":null,"region":"Walloon","region_cod":null,"provnum_ne":0,"gadm_level":1,"check_me":20,"scalerank":7,"datarank":8,"abbrev":null,"postal":null,"area_sqkm":0,"sameascity":7,"labelrank":7,"featurecla":"Admin-1 scale rank","name_len":10,"mapcolor9":1,"mapcolor13":8,"fips":null,"fips_alt":null,"woe_id":7153302,"woe_label":"Luxemburg, BE, Belgium","woe_name":"Luxembourg","latitude":49.9637,"longitude":5.50117,"sov_a3":"BEL","adm0_a3":"BEL","adm0_label":2,"admin":"Belgium","geonunit":"Walloon Region","gu_a3":"BWR","gn_id":2791993,"gn_name":"Province du Luxembourg","gns_id":-1964436,"gns_name":"Luxembourg","gn_level":2,"gn_region":null,"gn_a1_code":"BE.WLX","region_sub":null,"sub_code":null,"gns_level":2,"gns_lang":null,"gns_adm1":null,"gns_region":"BE14","min_label":8.7,"max_label":11,"min_zoom":8.7},"geometry":{"type":"Polygon","coordinates":[[[5.468483106809913,50.40906810171154],[5.508635694881406,50.42596629550815],[5.517782424219519,50.406277573751],[5.534680617116749,50.40410716431413],[5.531580030793776,50.39511546550628],[5.537109408972043,50.39191152639583],[5.553697544406191,50.390283718418885],[5.58770063577569,50.40059316684113],[5.641857536895884,50.368243720071604],[5.675033806864718,50.36958730720846],[5.670279575042372,50.357650050809184],[5.720767449957918,50.35754669892097],[5.70340416816785,50.332638658247504],[5.704489372886314,50.321631577835035],[5.720612420326916,50.30411326821272],[5.74758751764989,50.299824124383804],[5.720715773114392,50.26308218009845],[5.780867140406201,50.269024970326114],[5.797248569366019,50.265717678428075],[5.803914829106049,50.25610586199596],[5.810426060114651,50.26587270805908],[5.873781365617532,50.27150543902482],[5.880292595726758,50.28132396103197],[5.845462681157812,50.284579576086514],[5.867786899445832,50.319461168398135],[5.849286736993292,50.32953807192442],[5.858071730226158,50.34788320654471],[5.979304639897208,50.330881659960625],[5.98106163908335,50.32230337230283],[6.01299767380354,50.31176137988382],[6.007468295625387,50.21874380098561],[6.011912469085189,50.20765920710676],[6.033823276223188,50.204842840724524],[6.019870640018013,50.19468842193308],[6.024056431059449,50.183862210472626],[6.024934930202818,50.18161428487133],[6.022971226340985,50.150892646078745],[6.022966605812229,50.15082036018575],[6.014133749000052,50.15358062800007],[6.008035929000073,50.160918681000055],[6.004728638000074,50.170478821000046],[5.998320760000041,50.174974671000086],[5.982921183000144,50.16706817700003],[5.961630493000087,50.16562123600005],[5.953155558000077,50.156371155000016],[5.949021444000067,50.14267690000011],[5.941063273000083,50.128310852000084],[5.926180461000058,50.11833730100008],[5.888973429000117,50.1066067510001],[5.872436971000127,50.09689158100005],[5.868819621000057,50.09053538100005],[5.866855916000105,50.07430898100003],[5.864375447000043,50.06748769100008],[5.858277628000081,50.06180328400012],[5.843704874000139,50.05363840800001],[5.837710408000106,50.04743723600012],[5.838847290000103,50.03586171500007],[5.838847290000103,50.02645660400003],[5.836366821000126,50.018550110000064],[5.829132121000072,50.01358917300013],[5.808874959000065,50.00780141200005],[5.802673787000089,50.0024787400001],[5.801536906000081,49.98868113300006],[5.808564901000096,49.983100078000035],[5.812595662000092,49.97757070000006],[5.801640258000106,49.96382476800011],[5.793372029000068,49.95881215500006],[5.778592570000058,49.956590067000036],[5.771564575000127,49.95354115800012],[5.7637097570001,49.94682322200009],[5.759989054000073,49.94160390200008],[5.757611939000128,49.936539612000104],[5.75358117600004,49.93018341100006],[5.718957967000051,49.89137441000011],[5.714927205000038,49.88186594600003],[5.726709432000035,49.87819692000005],[5.748826945000047,49.86729319300008],[5.758128702000079,49.858198141000116],[5.731877075000057,49.85995513900008],[5.731980428000071,49.85416738],[5.730533488000077,49.8511701460001],[5.728673136000083,49.84884470700007],[5.726916137000103,49.845227357000084],[5.73652795400011,49.839439596],[5.724642374000069,49.83427195300001],[5.720198202000063,49.82471181300011],[5.721645142000057,49.81277455700007],[5.727742960000114,49.80021718400005],[5.73828495300009,49.78884836800006],[5.748413533000132,49.785644430000104],[5.759162231000062,49.78445587200008],[5.771874634000113,49.7793915820001],[5.7784892170001,49.77303538000007],[5.802053670000106,49.742856344000074],[5.803603963000029,49.73815378900008],[5.805774373000133,49.724201152],[5.805360961000105,49.72187571300006],[5.81176884000007,49.718516745000045],[5.825721476000041,49.71577789400001],[5.831715942000073,49.71360748300003],[5.837296997000095,49.71293569000005],[5.843704874000139,49.71433095400002],[5.850216105000101,49.71402089400004],[5.856003865000076,49.70807810500011],[5.856402763938235,49.705807450026924],[5.857347453000045,49.70042999300006],[5.853626749000028,49.696295878000114],[5.848769165000107,49.69273020500006],[5.847218872000099,49.68720082700014],[5.846702108000045,49.680689596000065],[5.843704874000139,49.677485657],[5.842257934000145,49.67391998300013],[5.845771932000105,49.666581930000035],[5.852593221000063,49.663222962000134],[5.872643676000081,49.66172434500004],[5.879878377000068,49.65774526000004],[5.88545943200009,49.64353424100008],[5.879878377000068,49.634852601000034],[5.86995650200015,49.62885813500009],[5.861998331000109,49.62276031600004],[5.849182577000107,49.59971262600007],[5.841224406000066,49.58968739800005],[5.829958944000083,49.58276275600008],[5.846908813000113,49.576716614000134],[5.837400350000109,49.561110332000084],[5.814456014000086,49.545142314000145],[5.790684855000023,49.537752585000135],[5.779005982000058,49.53961293600014],[5.757095174000085,49.54839792900003],[5.74634647600007,49.5494314580001],[5.735597779000074,49.5457107550001],[5.72267867000005,49.534600322000074],[5.710276327000088,49.53108632500005],[5.688675578000101,49.53351511700009],[5.667178182000072,49.540439759000066],[5.644647257000145,49.54379872700008],[5.619739217000074,49.53553049700014],[5.607853638000051,49.52493682900007],[5.605579875000046,49.51775380500001],[5.60227258300003,49.51372304300011],[5.587493124000019,49.512431133000064],[5.578914836000081,49.513929749000056],[5.547598918000091,49.523438212000144],[5.528788696000078,49.51796051100007],[5.503673950000035,49.50509307900006],[5.477732381000095,49.495222881000075],[5.477723891670593,49.49522434339303],[5.456131633000041,49.4989435840001],[5.449930461000037,49.507831930000094],[5.450963989000115,49.516771952000056],[5.454167928000089,49.52617706300009],[5.454374633000043,49.536615703000024],[5.450240519000118,49.5457624310001],[5.402078084000038,49.60245147700002],[5.391173931169419,49.60881223325649],[5.391165749000066,49.60881700600001],[5.383474569000072,49.613303528000074],[5.35246870900005,49.620693258000074],[5.341099894000081,49.62513743200009],[5.334898722000077,49.62580922500007],[5.331178019000077,49.623122050000035],[5.326940552000025,49.617644349000045],[5.321669555000085,49.61258005800008],[5.314538208000045,49.61113311800008],[5.29789839700004,49.61325185200005],[5.2930408120001,49.61717926100002],[5.29066369700007,49.626377666000025],[5.293764282000012,49.64053700800008],[5.301825806000096,49.64389597600007],[5.306373332000135,49.64751332700007],[5.299448690000048,49.66249949200005],[5.280121704000095,49.677899069000034],[5.259244425000134,49.691334941000065],[5.237643677000051,49.69097320600008],[5.192478475000087,49.68280832900007],[5.169430786000135,49.68720082700014],[5.151240682000093,49.69598582000003],[5.13635787000004,49.70533925400008],[5.093776489000078,49.74533681200003],[5.081890909000037,49.75272654300005],[5.04623417200014,49.759392802000065],[5.026287068000045,49.766730856000066],[4.989080037000122,49.79055369100013],[4.970993286000095,49.79706492200009],[4.968370956977111,49.79698095625304],[4.968513625403517,49.7972708196925],[4.971769239558768,49.80388540348858],[4.976265089862011,49.82093862601681],[4.989184198192135,49.82336741787199],[4.98065758557911,49.842539373892976],[4.984946730307399,49.85127269118178],[5.059929232947752,49.886102607549276],[5.043237745625476,49.89685130554335],[5.06871422707988,49.91240591130372],[5.11889204273362,49.92529918121224],[5.09723961801393,49.939277655839135],[5.10096032106199,49.96155019818306],[5.071763135660149,49.971291204925194],[5.062564731277263,49.984778754036256],[5.020035028194002,49.97927521427971],[5.009441358931554,49.98271169738686],[4.996522250601316,50.0153453640973],[4.972182650708788,50.03064158833857],[4.991147902054053,50.03033152907676],[4.998175897000067,50.04583445889318],[5.007322625438832,50.03968496398991],[5.016986117815065,50.041829535904384],[5.049645622947111,50.06371450552001],[5.060187616265495,50.08061269841724],[5.051505974920843,50.086322943748854],[5.066233758381259,50.12477020947756],[5.072073194921984,50.096761583380385],[5.093312209391001,50.09200735155801],[5.187001580058876,50.09621898102114],[5.208292271371221,50.09906118402637],[5.235370720582324,50.11130849878819],[5.262190789173559,50.10960317644546],[5.26725508025774,50.1203001984953],[5.241778598803336,50.13554474499395],[5.270252312893859,50.141435859277465],[5.279554070963627,50.15947093373657],[5.244052361926975,50.18600678238707],[5.24555097779546,50.19621287712255],[5.233510368608592,50.1962645530667],[5.244362420289519,50.206186427861354],[5.205863477717315,50.21990652096912],[5.224466993856709,50.22825226552962],[5.253250767209153,50.227063707124415],[5.250718620767742,50.238845933892776],[5.27304283995511,50.24853526469073],[5.283998244423515,50.24923289758016],[5.294488559999024,50.240447903447915],[5.365181918810549,50.26969676389453],[5.392673780970227,50.28806773513779],[5.393655632901186,50.30323476817006],[5.383372022900573,50.3191769484574],[5.360220981413136,50.318143418783734],[5.347766961076445,50.30664541285549],[5.34006717256193,50.311838894249576],[5.39443078015637,50.33775462527572],[5.380219760633423,50.349640203932296],[5.401200391784698,50.36757192650319],[5.392415398551833,50.38046519641162],[5.42574669815167,50.40059316684113],[5.405696242087942,50.42338247312267],[5.411794061047118,50.430307115281096],[5.425074903683878,50.43077220327456],[5.468483106809913,50.40906810171154]]]}},{"type":"Feature","properties":{"adm1_code":"BEL-3478","diss_me":3478,"iso_3166_2":"BE-VOV","wikipedia":null,"iso_a2":"BE","adm0_sr":1,"name":"East Flanders","name_alt":"Oost-Vlaanderen|Ostflandern|Falndre orientale","name_local":null,"type":"Province","type_en":"Province","code_local":null,"code_hasc":"BE.OV","note":null,"hasc_maybe":null,"region":"Flemish","region_cod":null,"provnum_ne":0,"gadm_level":1,"check_me":20,"scalerank":7,"datarank":8,"abbrev":null,"postal":null,"area_sqkm":0,"sameascity":-99,"labelrank":7,"featurecla":"Admin-1 scale rank","name_len":13,"mapcolor9":1,"mapcolor13":8,"fips":null,"fips_alt":"BE08","woe_id":7153304,"woe_label":"Oost-Vlaanderen, BE, Belgium","woe_name":"East Flanders","latitude":50.9749,"longitude":3.83186,"sov_a3":"BEL","adm0_a3":"BEL","adm0_label":2,"admin":"Belgium","geonunit":"Flemish Region","gu_a3":"BFR","gn_id":2789733,"gn_name":"Provincie Oost-Vlaanderen","gns_id":-1966704,"gns_name":"Ost-Flandern","gn_level":2,"gn_region":null,"gn_a1_code":"BE.VOV","region_sub":null,"sub_code":null,"gns_level":2,"gns_lang":null,"gns_adm1":null,"gns_region":"BE13","min_label":8.7,"max_label":11,"min_zoom":8.7},"geometry":{"type":"Polygon","coordinates":[[[4.298650434664552,51.26957209338238],[4.29501468338097,51.26787873021917],[4.288606805159958,51.25785350173777],[4.309845818729514,51.214910387504375],[4.301112502340146,51.211396389132005],[4.325348747646558,51.189433906049885],[4.330619744305807,51.17682485608219],[4.333048537060364,51.16969350924805],[4.328552686757121,51.147782701210616],[4.31599531363284,51.13217641950618],[4.276204460767218,51.12395986615488],[4.235690138389202,51.12395986615488],[4.215846387900456,51.12153107429967],[4.197966343072267,51.11362457931082],[4.185357293104573,51.104271145297105],[4.18199832526247,51.09987864778134],[4.1833419123993,51.095641180795866],[4.184582146748653,51.08670115793208],[4.187527703440821,51.077399399862344],[4.193315464037482,51.06608226198679],[4.196416050360455,51.0545067407935],[4.191403436119714,51.04461070442048],[4.189129672995961,51.04386139648628],[4.201273634071015,51.03719513584687],[4.212280715382661,51.03406871200144],[4.231866081654374,51.04427480673692],[4.240341017423987,51.03807363499024],[4.217086623149072,50.99011790651622],[4.19414228723673,50.98350332272014],[4.161741163623788,50.990582994509566],[4.146496616225932,50.97058421528928],[4.160707634849473,50.94265310355786],[4.160190870911975,50.929914863280345],[4.137039829424566,50.91957957643629],[4.091254510387387,50.93182689119803],[4.100142856407643,50.912499905546156],[4.073632847078215,50.900045885209465],[4.088102248120265,50.891932685545015],[4.087120396189391,50.88139069312598],[4.040404901165232,50.83844757799332],[4.065984735407227,50.835424506036105],[4.074873081427569,50.82072256099741],[4.060352004441484,50.792636420534365],[4.03037967268375,50.776487535571334],[4.013326450155603,50.77214671489898],[3.999270461162865,50.78046662013841],[3.982165561791305,50.766849880717416],[3.956275669186766,50.77976898904757],[3.943976677581617,50.77535065400946],[3.931160922938233,50.75757396106937],[3.952038202201294,50.73948720976685],[3.950642938221023,50.734112861219586],[3.918293490552145,50.728841865459714],[3.894988299935193,50.73416433585783],[3.884403441000046,50.75138409300007],[3.884402746000092,50.75138399600007],[3.828024453000126,50.74350343700013],[3.81469193300012,50.75190085800011],[3.774642699000111,50.74895530100011],[3.774634822000081,50.74896996800007],[3.75779618200005,50.78032289500004],[3.757794537000109,50.7803224510001],[3.714543008000106,50.768644022000075],[3.704001016000035,50.78210573300004],[3.675320596000034,50.771925475000046],[3.634651244000082,50.72185101300005],[3.60664261800008,50.73420167900011],[3.540548461000128,50.73492515],[3.540545448000046,50.734939611000044],[3.533985554000139,50.76642193500007],[3.533979145000046,50.766420721000145],[3.49414302400001,50.75887717600011],[3.457607785785513,50.76851483084744],[3.520023227589888,50.79790741629424],[3.522503696288595,50.805167955236925],[3.499456007588662,50.82521841130065],[3.5123751159189,50.83550202130127],[3.450466750340212,50.86929840799519],[3.47403120297767,50.88459463223646],[3.466073032044847,50.90335317620813],[3.450466750340212,50.907461452883695],[3.427315707953511,50.898443914754864],[3.41915083234511,50.912189846284406],[3.432586703713469,50.920561428367165],[3.424731885568036,50.9320594351947],[3.448399691892263,50.929863186436904],[3.455324334050772,50.93438487426249],[3.440131462596895,50.94394501385128],[3.460233594604688,50.9437124698546],[3.412071160555655,50.95895701815189],[3.44297366740085,50.96779368822811],[3.425868768029204,50.9824181180017],[3.452017043052109,51.00704193783514],[3.422148064981229,51.03946889897051],[3.443800489700806,51.04931325939938],[3.330680779694205,51.100137031099024],[3.374450718026196,51.118120428714775],[3.410314162268804,51.161115220690874],[3.387008091150477,51.18721181887028],[3.359826287353258,51.19284454983611],[3.384062533559131,51.2036449255728],[3.366957635086834,51.22958649412138],[3.400030552268191,51.242660631183156],[3.398798476784236,51.24469829324579],[3.421940552000109,51.237984721],[3.45387658700011,51.23563344400006],[3.501212199000065,51.24028432300014],[3.504106079000053,51.24974111000009],[3.501522258000136,51.26240183600004],[3.503382609000141,51.273951518000075],[3.514338012000024,51.281031189],[3.529014120000113,51.28333079100011],[3.54503381300006,51.28392506900008],[3.584824666000088,51.289531963000115],[3.609526001000091,51.29043630000007],[3.63505415900002,51.28782664000005],[3.757320597000046,51.26232432100002],[3.776234172000073,51.2545211800001],[3.781401815000095,51.241421204000034],[3.779748169000129,51.23031077100012],[3.781401815000095,51.21987213200009],[3.796284627000119,51.208761698000075],[3.8086869710001,51.205325216000034],[3.927026001000058,51.20625539200009],[3.949453572000067,51.2107770800001],[3.995032186000032,51.23323048900011],[4.118952271000097,51.27240122500007],[4.168561645000096,51.2968700160001],[4.207939087000085,51.33058888800008],[4.213520141000089,51.34053660100008],[4.220961547000115,51.36381683400009],[4.221491455026921,51.36800060307314],[4.221527540000039,51.3679873720001],[4.222178582000083,51.36774323100008],[4.241058790000125,51.35659414300005],[4.249034050000091,51.34666575700004],[4.256114129000139,51.32843659100007],[4.272634311000019,51.31582265800009],[4.290782097000118,51.30589427300009],[4.302989129000082,51.296087958000044],[4.306651238000143,51.28974030200004],[4.308116082000112,51.283636786000045],[4.305430535000113,51.276597398000064],[4.298675977000102,51.269598700000074],[4.298650434664552,51.26957209338238]]]}},{"type":"Feature","properties":{"adm1_code":"BEL-3479","diss_me":3479,"iso_3166_2":"BE-VWV","wikipedia":null,"iso_a2":"BE","adm0_sr":1,"name":"West Flanders","name_alt":"West-Vlaanderen","name_local":null,"type":"Province","type_en":"Province","code_local":null,"code_hasc":"BE.WV","note":null,"hasc_maybe":null,"region":"Flemish","region_cod":null,"provnum_ne":0,"gadm_level":1,"check_me":20,"scalerank":7,"datarank":8,"abbrev":null,"postal":null,"area_sqkm":0,"sameascity":7,"labelrank":7,"featurecla":"Admin-1 scale rank","name_len":13,"mapcolor9":1,"mapcolor13":8,"fips":null,"fips_alt":null,"woe_id":7153305,"woe_label":"West-Vlaanderen, BE, Belgium","woe_name":"West Flanders","latitude":51.0312,"longitude":3.02202,"sov_a3":"BEL","adm0_a3":"BEL","adm0_label":2,"admin":"Belgium","geonunit":"Flemish Region","gu_a3":"BFR","gn_id":2783770,"gn_name":"Provincie West-Vlaanderen","gns_id":-1972685,"gns_name":"West-Vlaanderen","gn_level":2,"gn_region":null,"gn_a1_code":"BE.VWV","region_sub":null,"sub_code":null,"gns_level":2,"gns_lang":null,"gns_adm1":null,"gns_region":"BE13","min_label":8.7,"max_label":11,"min_zoom":8.7},"geometry":{"type":"Polygon","coordinates":[[[3.398798476784236,51.24469829324579],[3.400030552268191,51.242660631183156],[3.366957635086834,51.22958649412138],[3.384062533559131,51.2036449255728],[3.359826287353258,51.19284454983611],[3.387008091150477,51.18721181887028],[3.410314162268804,51.161115220690874],[3.374450718026196,51.118120428714775],[3.330680779694205,51.100137031099024],[3.443800489700806,51.04931325939938],[3.422148064981229,51.03946889897051],[3.452017043052109,51.00704193783514],[3.425868768029204,50.9824181180017],[3.44297366740085,50.96779368822811],[3.412071160555655,50.95895701815189],[3.460233594604688,50.9437124698546],[3.440131462596895,50.94394501385128],[3.455324334050772,50.93438487426249],[3.448399691892263,50.929863186436904],[3.424731885568036,50.9320594351947],[3.432586703713469,50.920561428367165],[3.41915083234511,50.912189846284406],[3.427315707953511,50.898443914754864],[3.450466750340212,50.907461452883695],[3.466073032044847,50.90335317620813],[3.47403120297767,50.88459463223646],[3.450466750340212,50.86929840799519],[3.5123751159189,50.83550202130127],[3.499456007588662,50.82521841130065],[3.522503696288595,50.805167955236925],[3.520023227589888,50.79790741629424],[3.457607785785513,50.76851483084744],[3.41275264300009,50.7474050080001],[3.367432412000085,50.71730348600002],[3.363453327000116,50.70965537500004],[3.353634805000127,50.711644917000086],[3.34779536800005,50.711929137000055],[3.323145710000063,50.72345298200008],[3.323146717000043,50.72346251500008],[3.324592650000056,50.73714723600011],[3.324582405000086,50.73715651100008],[3.303301960000056,50.75642254600004],[3.260823932000022,50.75234010700004],[3.219689492000043,50.76727459600008],[3.175068197000144,50.75271522200006],[3.162822752000096,50.74992512100005],[3.162810519000061,50.74993907500007],[3.146195109000104,50.76889190700007],[3.129245239000085,50.779072165000116],[3.103303671000049,50.78408477800008],[3.023816593000049,50.76826211600007],[3.022962125000049,50.77161825600004],[3.014430704000063,50.805127583000086],[3.014424008000049,50.80513036600013],[2.998824421000052,50.81161297500003],[2.940636758000039,50.796678486000076],[2.939707890000079,50.79224056400005],[2.939706582000071,50.79223431300008],[2.960205294000076,50.77679573700004],[2.960222126000133,50.77678306000007],[2.922446653000094,50.76696453800011],[2.918105834000102,50.75771445600009],[2.889632120000073,50.75414878200013],[2.875421100000096,50.76246868800007],[2.86880651700011,50.76122845300006],[2.842193154000086,50.75084149100013],[2.86250199300008,50.70955202200011],[2.86672588400009,50.70009100300004],[2.786733846000033,50.72336497000009],[2.768233683000091,50.73323516900007],[2.762962687000083,50.739384665000046],[2.74952681500011,50.75959014900013],[2.743842407000074,50.76620473200012],[2.706635376000065,50.78878733400006],[2.700020792000061,50.79628041600009],[2.696920207000119,50.803050028000115],[2.691855916000065,50.80883778900011],[2.678730102000088,50.813230286000106],[2.669221639000114,50.81390207900009],[2.650618123000044,50.81224843400014],[2.642453247000049,50.81245513900009],[2.627777140000148,50.814418844000016],[2.620439087000136,50.816485902000096],[2.615168091000015,50.82217030900003],[2.606589803000077,50.834831034000075],[2.602042277000066,50.83808664900005],[2.589949992000072,50.84201405900012],[2.586746053000098,50.84542470400004],[2.587779582000081,50.850023906000104],[2.595531046000076,50.86113433900002],[2.596667928000102,50.867645569000075],[2.576927531000109,50.911518860000115],[2.582715291000085,50.920665589000095],[2.605762980000065,50.935238343000066],[2.611654093000055,50.94123280900007],[2.608450154000082,50.961128235000075],[2.592740519000131,50.97611440000014],[2.556980428000116,51.00117747000007],[2.547058553000113,51.02047861800011],[2.537033325000095,51.06461029100009],[2.521799927690466,51.08754088348047],[2.521820509000094,51.08755117400011],[2.54200280000012,51.09686920800007],[2.579925977000045,51.104803778000104],[2.715668165000039,51.16950104400004],[2.923594597000118,51.246486721000025],[3.124847852000045,51.32965729400007],[3.34896894600007,51.37514883000006],[3.349414674022739,51.37522311788976],[3.358068481000061,51.33671254600003],[3.353934366000146,51.3119078580001],[3.353210897000054,51.28860178700006],[3.367370240000099,51.26348704000014],[3.391658163000102,51.246769715000084],[3.398798476784236,51.24469829324579]]]}},{"type":"Feature","properties":{"adm1_code":"BEL-3480","diss_me":3480,"iso_3166_2":"BE-VAN","wikipedia":null,"iso_a2":"BE","adm0_sr":1,"name":"Antwerp","name_alt":"Antwerpen","name_local":null,"type":"Province","type_en":"Province","code_local":null,"code_hasc":"BE.AN\t","note":null,"hasc_maybe":null,"region":"Flemish","region_cod":null,"provnum_ne":0,"gadm_level":1,"check_me":20,"scalerank":7,"datarank":8,"abbrev":null,"postal":null,"area_sqkm":0,"sameascity":7,"labelrank":7,"featurecla":"Admin-1 scale rank","name_len":7,"mapcolor9":1,"mapcolor13":8,"fips":null,"fips_alt":null,"woe_id":7153308,"woe_label":"Antwerp, BE, Belgium","woe_name":"Antwerp","latitude":51.2485,"longitude":4.72122,"sov_a3":"BEL","adm0_a3":"BEL","adm0_label":2,"admin":"Belgium","geonunit":"Flemish Region","gu_a3":"BFR","gn_id":2803136,"gn_name":"Provincie Antwerpen","gns_id":-1953259,"gns_name":"Antwerpen","gn_level":2,"gn_region":null,"gn_a1_code":"BE.VAN","region_sub":null,"sub_code":null,"gns_level":2,"gns_lang":null,"gns_adm1":null,"gns_region":"BE13","min_label":8.7,"max_label":11,"min_zoom":8.7},"geometry":{"type":"Polygon","coordinates":[[[4.822681925000012,51.41368459100005],[4.779067016000056,51.4264228320001],[4.767801554000101,51.42538930300012],[4.762117146000151,51.41337453200006],[4.783304484000013,51.407638448000114],[4.853274373000119,51.40613983200009],[4.871671183000018,51.40303924600005],[4.910325154000134,51.39190297500002],[4.931925903000092,51.39562367800005],[4.957144002000064,51.410997416000015],[4.980191691000101,51.43053110800011],[4.995797973000066,51.446705831000116],[5.002722616000113,51.459004822000054],[5.00613326000007,51.468306580000075],[5.012127727000092,51.47432688400002],[5.027527303000085,51.47680735300008],[5.030317831000048,51.474430237000064],[5.060290161000069,51.46197621700006],[5.079927205000104,51.43854095500009],[5.076413208000048,51.42190114400009],[5.065251099000108,51.40590728800004],[5.061737101000062,51.38425486300014],[5.068144979000095,51.374539694000106],[5.102561483000073,51.350665182000114],[5.107832479000081,51.341983541000076],[5.118064412000081,51.31991770500008],[5.122921997000077,51.31338063600009],[5.140181926000082,51.30738617000006],[5.178835897000084,51.30950490300003],[5.197336059000094,51.308342183000036],[5.214906047000085,51.29433787000002],[5.215422811000025,51.25873280800005],[5.232992798000083,51.255916443000075],[5.239455934072112,51.25693018209114],[5.2274125496495,51.25067047806013],[5.216508822923799,51.21248159385044],[5.257178174932818,51.1884778925407],[5.260433790886793,51.148066922050816],[5.235370720582324,51.13403677058042],[5.203021273812709,51.140005398330516],[5.180386997162259,51.11920563433259],[5.13026085835196,51.11755198793395],[5.089849887862044,51.08520254206371],[5.009803094137425,51.07512563673879],[5.009699741349948,51.06143138295192],[4.980915967997589,51.03600657834093],[4.967066684579834,51.04647105639418],[4.948308139708871,51.04572174756052],[4.909705845248538,51.03590322555337],[4.882834099813863,51.020865383730495],[4.870586785951417,51.02468943956603],[4.818548618324087,51.01107270014495],[4.805732862781412,51.01652456305814],[4.788679640253179,51.040089015695514],[4.756020135121133,51.02437938120349],[4.733902622408095,51.02735077631726],[4.694938591842515,50.99978139889245],[4.706255730617443,51.01559438707133],[4.679383986082115,51.024844469196836],[4.606468540091072,51.01249380074836],[4.593394403029322,50.99210744879966],[4.578046501944527,50.992288315953004],[4.54616214406775,51.004122219564806],[4.52802371592179,50.993425198414144],[4.494279006071281,51.00972911210883],[4.476140577925349,50.99239166874048],[4.453816358737953,51.00680939383838],[4.393096550665319,50.99745595982466],[4.388238966055468,51.01228709607258],[4.369532098027861,51.01593028385551],[4.379092237616646,51.03109731688758],[4.347931349252349,51.01791982703841],[4.341420119143208,51.01993520774366],[4.348189730771452,51.02701487953311],[4.298890415160571,51.0410191925817],[4.274602492111285,51.04368052843364],[4.240341017423987,51.03807363499024],[4.231866081654374,51.04427480673692],[4.212280715382661,51.03406871200144],[4.201273634071015,51.03719513584687],[4.189129672995961,51.04386139648628],[4.191403436119714,51.04461070442048],[4.196416050360455,51.0545067407935],[4.193315464037482,51.06608226198679],[4.187527703440821,51.077399399862344],[4.184582146748653,51.08670115793208],[4.1833419123993,51.095641180795866],[4.18199832526247,51.09987864778134],[4.185357293104573,51.104271145297105],[4.197966343072267,51.11362457931082],[4.215846387900456,51.12153107429967],[4.235690138389202,51.12395986615488],[4.276204460767218,51.12395986615488],[4.31599531363284,51.13217641950618],[4.328552686757121,51.147782701210616],[4.333048537060364,51.16969350924805],[4.330619744305807,51.17682485608219],[4.325348747646558,51.189433906049885],[4.301112502340146,51.211396389132005],[4.309845818729514,51.214910387504375],[4.288606805159958,51.25785350173777],[4.29501468338097,51.26787873021917],[4.298650434664552,51.26957209338238],[4.296722852000045,51.26756419500006],[4.308360222000147,51.27122630400001],[4.316416863000086,51.27684153900012],[4.330821160000141,51.296087958000044],[4.297129754000139,51.305161851000065],[4.289317254000053,51.309149481000134],[4.285411004000053,51.31801992400008],[4.286143425000091,51.33966705900008],[4.283050977000102,51.350083726000065],[4.27564537900011,51.35809967700001],[4.261078321000099,51.3693708350001],[4.261067579111284,51.369379275020236],[4.281124221902758,51.36894651018659],[4.290104614000114,51.368751933000055],[4.326278117000129,51.35642710400009],[4.345605103000082,51.35229299000008],[4.392217244000051,51.35040679900007],[4.411234171000018,51.35673716200009],[4.416195109000057,51.373971253000065],[4.410097290000095,51.38378977500011],[4.387669719000115,51.40053293900007],[4.379918253000113,51.40952463800011],[4.3806417240001,51.41965321900008],[4.387152954000072,51.42745636000009],[4.389220011000134,51.43458770800004],[4.37712772600014,51.442881775000075],[4.429424275000059,51.46197621700006],[4.483064412000118,51.47432688400002],[4.512623331000071,51.47737579400007],[4.52523238100008,51.475928854000074],[4.533190551000047,51.46758311000008],[4.531846964000096,51.45086578400014],[4.523372029000086,51.43841176400008],[4.521511678000081,51.42864491800003],[4.540631958000091,51.42006663000009],[4.553861125000083,51.41929148400007],[4.582696573000106,51.42259877600006],[4.614632609000097,51.417560323],[4.630135539000094,51.41820627900009],[4.643571411000039,51.421410217000044],[4.653906697000053,51.42621612600004],[4.731214641000065,51.48561818500008],[4.764184204000117,51.49623769100009],[4.778653605000045,51.49535919200014],[4.796843709000086,51.49101837200007],[4.813586873000133,51.484119569000086],[4.823922159000062,51.47564463300009],[4.826092570000128,51.46055511500009],[4.819891398000067,51.44621490500009],[4.815447224000138,51.43107371100007],[4.822681925000012,51.41368459100005]]]}},{"type":"Feature","properties":{"adm1_code":"BEL-3481","diss_me":3481,"iso_3166_2":"BE-WLG","wikipedia":null,"iso_a2":"BE","adm0_sr":1,"name":"Liege","name_alt":"Luik","name_local":null,"type":"Province","type_en":"Province","code_local":null,"code_hasc":"BE.LG","note":null,"hasc_maybe":null,"region":"Walloon","region_cod":null,"provnum_ne":0,"gadm_level":1,"check_me":20,"scalerank":7,"datarank":8,"abbrev":null,"postal":null,"area_sqkm":0,"sameascity":7,"labelrank":7,"featurecla":"Admin-1 scale rank","name_len":5,"mapcolor9":1,"mapcolor13":8,"fips":null,"fips_alt":null,"woe_id":7153300,"woe_label":"Liege, BE, Belgium","woe_name":"Liege","latitude":50.5794,"longitude":5.67651,"sov_a3":"BEL","adm0_a3":"BEL","adm0_label":2,"admin":"Belgium","geonunit":"Walloon Region","gu_a3":"BWR","gn_id":2792411,"gn_name":"Province de Liege","gns_id":-1964018,"gns_name":"Liege, Province de","gn_level":2,"gn_region":null,"gn_a1_code":"BE.WLG","region_sub":null,"sub_code":null,"gns_level":2,"gns_lang":null,"gns_adm1":null,"gns_region":"BE14","min_label":8.7,"max_label":11,"min_zoom":8.7},"geometry":{"type":"Polygon","coordinates":[[[5.7174076740001,50.752820537000076],[5.727846313000043,50.754164124000056],[5.732776968000081,50.75885148900011],[5.735298216000047,50.75637086900011],[5.750284382000132,50.74686240500006],[5.775967568000112,50.751203226000115],[5.818290567000105,50.71559816400014],[5.854154011000048,50.71885377900011],[5.878183552000081,50.710998962000104],[5.886916869000061,50.713350239000135],[5.91017126300008,50.73595867800009],[5.910157819000119,50.73596956200009],[5.891287548000093,50.75124632700005],[5.89132117000014,50.751239556000115],[5.902202596000024,50.74904815700006],[5.974756307000035,50.74754954000005],[5.994910116000113,50.7499266560001],[5.993256469000073,50.748066305000094],[5.992636353000108,50.74625763000009],[5.992739705000133,50.74444895500011],[5.994186645000127,50.742588603000115],[6.010826457000036,50.73705922500011],[6.011343221000089,50.7274474080001],[6.007622518000062,50.716905417000135],[6.011549926000043,50.70853383500014],[6.02477909300012,50.7075519820001],[6.064363240000091,50.71447662400007],[6.081003052000113,50.713494772000104],[6.100226685000052,50.701299134000095],[6.161101521000063,50.64218129600002],[6.147769002000047,50.636755270000066],[6.159447876000115,50.62238922200004],[6.180015096000119,50.61551625600009],[6.249054809000086,50.61443105100008],[6.251328572000091,50.60843658500005],[6.244300577000075,50.59954823900006],[6.232931763000096,50.59076324500006],[6.232931763000096,50.58714589400006],[6.210607543000037,50.57867095900008],[6.17908492000015,50.56197947200013],[6.160688110000052,50.54358266300005],[6.177327922000075,50.53019846600009],[6.169473103000144,50.522498678],[6.170816691000113,50.51795115200008],[6.178878214000093,50.51578074200009],[6.190557088000077,50.51521230100013],[6.182598917000121,50.50658233700008],[6.190660441000091,50.5018281050001],[6.199238729000029,50.49040761300009],[6.207196900000099,50.486325175000076],[6.217118774000085,50.48601511700008],[6.25091516100008,50.49268137600009],[6.253085571000071,50.49407664000009],[6.255566040000133,50.49459340400011],[6.257839803000053,50.49407664000009],[6.260113566000086,50.49268137600009],[6.27540979000014,50.48803049700004],[6.31871464000011,50.48167429600011],[6.336904744000037,50.48100250200014],[6.325742635000097,50.47402618400014],[6.32326216600012,50.46601633700007],[6.326156046000108,50.45702463800012],[6.331633748000115,50.44689605700006],[6.340212036000139,50.43785268200011],[6.347343384000084,50.436974183000075],[6.351167440000012,50.433563538000044],[6.350443969000111,50.4168720510001],[6.34331262200007,50.3933075970001],[6.336387980000097,50.37992340200006],[6.337731567000077,50.368089498000046],[6.372458130000098,50.329435527000044],[6.373399684124109,50.32308003495788],[6.374525187000074,50.315482891000045],[6.36201949000008,50.30695627900013],[6.335457804000043,50.3038556920001],[6.322021932000098,50.30540598600001],[6.310653116000111,50.308248190000086],[6.299491007000086,50.30886830700007],[6.285951782000097,50.3038556920001],[6.276029907000094,50.296104228000075],[6.269415324000107,50.28649241200009],[6.267348267000045,50.27641550700014],[6.271792439000137,50.2674238080001],[6.253395630000057,50.2567784630001],[6.210400838000083,50.249026998],[6.189626912000023,50.24272247300007],[6.179808390000062,50.23300730400004],[6.15717411300011,50.22272369400005],[6.146838827000096,50.21404205400009],[6.160171346000112,50.20453359000001],[6.165752400000144,50.19316477500013],[6.165132284000066,50.18189931200007],[6.159137817000044,50.17244252600008],[6.151696411000017,50.16934193900005],[6.13174930800011,50.168308411000055],[6.123171020000058,50.16489776700004],[6.121310668000149,50.16159047500014],[6.11800337700015,50.1503766890001],[6.115832967000074,50.145467428000075],[6.125961547000117,50.14019643200004],[6.129475545000076,50.13404693700005],[6.126581665000089,50.12732900000012],[6.11748661300004,50.120456035000075],[6.102603800000082,50.12474517900003],[6.100330037000077,50.13265167300008],[6.101466919000075,50.142108460000145],[6.097126098000103,50.15130686500004],[6.084206991000087,50.159316712000106],[6.076455525000085,50.15864491800005],[6.070047648000127,50.15420074500014],[6.061366008000078,50.15073842400008],[6.038628377000094,50.14841298500005],[6.02736291500014,50.14944651300004],[6.022966605812229,50.15082036018575],[6.022971226340985,50.150892646078745],[6.024934930202818,50.18161428487133],[6.024056431059449,50.183862210472626],[6.019870640018013,50.19468842193308],[6.033823276223188,50.204842840724524],[6.011912469085189,50.20765920710676],[6.007468295625387,50.21874380098561],[6.01299767380354,50.31176137988382],[5.98106163908335,50.32230337230283],[5.979304639897208,50.330881659960625],[5.858071730226158,50.34788320654471],[5.849286736993292,50.32953807192442],[5.867786899445832,50.319461168398135],[5.845462681157812,50.284579576086514],[5.880292595726758,50.28132396103197],[5.873781365617532,50.27150543902482],[5.810426060114651,50.26587270805908],[5.803914829106049,50.25610586199596],[5.797248569366019,50.265717678428075],[5.780867140406201,50.269024970326114],[5.720715773114392,50.26308218009845],[5.74758751764989,50.299824124383804],[5.720612420326916,50.30411326821272],[5.704489372886314,50.321631577835035],[5.70340416816785,50.332638658247504],[5.720767449957918,50.35754669892097],[5.670279575042372,50.357650050809184],[5.675033806864718,50.36958730720846],[5.641857536895884,50.368243720071604],[5.58770063577569,50.40059316684113],[5.553697544406191,50.390283718418885],[5.537109408972043,50.39191152639583],[5.531580030793776,50.39511546550628],[5.534680617116749,50.40410716431413],[5.517782424219519,50.406277573751],[5.508635694881406,50.42596629550815],[5.468483106809913,50.40906810171154],[5.425074903683878,50.43077220327456],[5.411794061047118,50.430307115281096],[5.405696242087942,50.42338247312267],[5.42574669815167,50.40059316684113],[5.392415398551833,50.38046519641162],[5.349937371412523,50.38974111605967],[5.295108676724084,50.366176663422294],[5.281259393306414,50.378449814807084],[5.282396273968914,50.396949978158915],[5.232786899096112,50.40555410423855],[5.220487909289545,50.41842153572526],[5.236094190994066,50.438058579739675],[5.217594027642235,50.464671942755956],[5.195941602922659,50.4786245789611],[5.162093540284673,50.46994293941509],[5.151034783928168,50.48188019491511],[5.156047397269532,50.49061351220382],[5.136255323624312,50.4887531602302],[5.129279006421001,50.50456614840897],[5.14281823057695,50.51288605454778],[5.119047072364538,50.50575470591491],[5.105352816779032,50.50735667636951],[5.09036665179957,50.530921129006856],[5.034556105180087,50.53288483286869],[5.053366326894462,50.541928209419325],[5.02773481580914,50.58993561473679],[4.979107292867212,50.61928782797091],[4.982569614396255,50.64336904634442],[5.001793247260565,50.66615835172661],[5.000759717586902,50.69579478580073],[5.016572706665045,50.70295197195591],[4.9919747252533,50.725327867087344],[5.015849237152565,50.7334927444945],[5.019103290042466,50.75193237613914],[5.019114542000068,50.75192669600003],[5.043547489000076,50.742835366000094],[5.043557493000094,50.74283164400006],[5.043040916000081,50.72511305000003],[5.043040729000069,50.72510662800005],[5.059525511000032,50.71156740300006],[5.074718383000061,50.706916523000075],[5.101102895041379,50.709756344090096],[5.101125039000038,50.709758727000064],[5.167735961000034,50.69725303000007],[5.180448363000096,50.707149067000046],[5.180438604000074,50.70716354600009],[5.169389606000095,50.7235563350001],[5.169389719000094,50.72355632600011],[5.228920857000077,50.718750426000014],[5.236155317000112,50.72823273700004],[5.236155557000131,50.728233051000075],[5.243380921000039,50.71687890900006],[5.24339025800009,50.716864237000095],[5.275584675000061,50.729447448000116],[5.307365681000078,50.718388691000115],[5.312274941000112,50.729705830000086],[5.332118692000108,50.74097129300014],[5.378214069000137,50.75084149100013],[5.391752632000134,50.747120969000036],[5.391753294000097,50.747120787000114],[5.404094921000109,50.72749811700001],[5.404103962000079,50.72748374300008],[5.430975706000055,50.72086916000009],[5.453248249000126,50.72226442400006],[5.461154743000066,50.739963601000056],[5.480843464000117,50.72639853800007],[5.496811481000066,50.72885316900005],[5.52383825600009,50.74376182],[5.521926228000069,50.76003989600011],[5.608484252000096,50.776421325000086],[5.657432381000064,50.80764098200012],[5.663250773000101,50.80506541000008],[5.68485152100007,50.798502503000094],[5.700457804000109,50.79555694600009],[5.698700806000119,50.78377472000008],[5.688365519000115,50.76083038400006],[5.706555623000071,50.754215800000054],[5.7174076740001,50.752820537000076]]]}},{"type":"Feature","properties":{"adm1_code":"BEL-3482","diss_me":3482,"iso_3166_2":"BE-WBR","wikipedia":null,"iso_a2":"BE","adm0_sr":1,"name":"Walloon Brabant","name_alt":"Waals-Brabant|Brabant Wallon","name_local":null,"type":"Province","type_en":"Province","code_local":null,"code_hasc":"BE.BW","note":null,"hasc_maybe":null,"region":"Walloon","region_cod":null,"provnum_ne":0,"gadm_level":1,"check_me":20,"scalerank":7,"datarank":8,"abbrev":null,"postal":null,"area_sqkm":0,"sameascity":-99,"labelrank":7,"featurecla":"Admin-1 scale rank","name_len":15,"mapcolor9":1,"mapcolor13":8,"fips":null,"fips_alt":null,"woe_id":22525997,"woe_label":"Walloon Brabant, BE, Belgium","woe_name":"Walloon Brabant","latitude":50.6416,"longitude":4.55466,"sov_a3":"BEL","adm0_a3":"BEL","adm0_label":2,"admin":"Belgium","geonunit":"Walloon Region","gu_a3":"BWR","gn_id":3333251,"gn_name":"Province du Brabant Wallon","gns_id":6079474,"gns_name":"Brabant Wallon, Province de","gn_level":2,"gn_region":null,"gn_a1_code":"BE.WBR","region_sub":null,"sub_code":null,"gns_level":2,"gns_lang":null,"gns_adm1":null,"gns_region":"BE14","min_label":8.7,"max_label":11,"min_zoom":8.7},"geometry":{"type":"Polygon","coordinates":[[[5.019103290042466,50.75193237613914],[5.015849237152565,50.7334927444945],[4.9919747252533,50.725327867087344],[5.016572706665045,50.70295197195591],[5.000759717586902,50.69579478580073],[5.001793247260565,50.66615835172661],[4.982569614396255,50.64336904634442],[4.950840285250933,50.64796824853579],[4.927947625282712,50.62835704204389],[4.901437615953284,50.629829820389915],[4.900404087178885,50.62368032548656],[4.793227165601195,50.60567108854991],[4.788059522628828,50.602622179070266],[4.791935256207069,50.59096914351119],[4.780721470219646,50.601614487818324],[4.740465529360648,50.59156342181447],[4.734109327983163,50.611665553822235],[4.708271112222064,50.607092190052526],[4.703723585974757,50.596059272117714],[4.67576663582156,50.60853912997683],[4.666103143445298,50.60848745403277],[4.655044386189502,50.59657603605521],[4.666619907382795,50.565440986112634],[4.644192336307214,50.56223704700207],[4.60781212722793,50.57047943787572],[4.590138787075432,50.56892914516391],[4.573188918234052,50.560428371871865],[4.576754590751818,50.54342682618707],[4.516551548415237,50.52717458843645],[4.501875440898857,50.53138621700032],[4.503063999304175,50.54068797506997],[4.470094434910209,50.52973257150103],[4.472884962870722,50.554408067278445],[4.468079054204935,50.55954987182912],[4.422965528736199,50.55934316715343],[4.41252689000396,50.56626780931197],[4.355837843341817,50.5623920757337],[4.33082644988076,50.54456370684957],[4.333616977841302,50.57001434988237],[4.304109734976294,50.568128160386294],[4.278943311884319,50.59301036173878],[4.246490513226604,50.59732534398941],[4.251968214561458,50.61820262325247],[4.198586459797355,50.62678091091027],[4.20365074998216,50.647709866117395],[4.184323765229635,50.66388458950223],[4.173316684817166,50.66109406244098],[4.141845737191062,50.63357636185961],[4.118643018860212,50.63132843715766],[4.101124709237979,50.6360309921366],[4.091357863174863,50.65365265634503],[4.090220980713724,50.69060130530599],[4.09420006707947,50.70346873589344],[4.11244184711353,50.70687938147822],[4.099749993933642,50.70713734490636],[4.107490599000073,50.71720013300009],[4.131830199000092,50.716941751],[4.13911657500006,50.727948831000106],[4.149038451000052,50.73037762300007],[4.158598591000043,50.72784547900008],[4.180251016000028,50.70872519900007],[4.207432819000104,50.709086934000084],[4.239988972000077,50.69203371000006],[4.259574340000086,50.70107708600011],[4.287221230000085,50.695237649000035],[4.301845661000073,50.69828655900005],[4.308770303000045,50.70355755600008],[4.311405801000063,50.718802103000115],[4.333264932000105,50.719034647000086],[4.333249524000081,50.719049120000136],[4.322619587000105,50.72903403600009],[4.322622854000116,50.72903639900002],[4.329905964000091,50.73430503300003],[4.3490262440001,50.71761354500009],[4.367888142000112,50.716735045000064],[4.373675902000087,50.73182456300006],[4.42173498400004,50.73655295800003],[4.458011839000108,50.75456219400013],[4.480026,50.758954690000024],[4.494532424000056,50.757612459000086],[4.49454707700005,50.75761110300007],[4.49020751900008,50.74609061000004],[4.490206257000068,50.746087259000035],[4.495115518000091,50.74107464500008],[4.526948200000049,50.729447448000116],[4.529170287000056,50.74182395300008],[4.572940225000139,50.74836102200004],[4.59655107100005,50.764687122000055],[4.596556355000047,50.764690775000076],[4.601823778000039,50.74294973900004],[4.601827350000093,50.74293499600009],[4.635210326000049,50.744071878000085],[4.654640664000027,50.758386250000086],[4.654627032000064,50.75839787900006],[4.636347207000057,50.77399253200011],[4.636348097000052,50.77399804100011],[4.640481322000085,50.79957236600006],[4.692674518000075,50.790994079000114],[4.710242762000064,50.797297977000085],[4.710244505000048,50.79729860300006],[4.714163395000099,50.78982177500012],[4.714171914000104,50.78980552100012],[4.722853555000057,50.80256960000008],[4.749621947000122,50.80866741900013],[4.791531533000125,50.799469013000135],[4.812925577000044,50.776886413000085],[4.836888355000042,50.77549202700001],[4.836903441000061,50.77549114900012],[4.832620452000072,50.76465466800002],[4.832614298000095,50.76463909800006],[4.908049201000097,50.76957336800004],[4.908061888000077,50.769574198000015],[4.904549544000076,50.75157343100011],[4.90454789100005,50.751564961000014],[4.917208617000085,50.74479534800008],[4.93234981100008,50.746293964000074],[4.981442422000043,50.77094362300008],[5.019103290042466,50.75193237613914]]]}},{"type":"Feature","properties":{"adm1_code":"DEU-1572","diss_me":1572,"iso_3166_2":"DE-NW","wikipedia":null,"iso_a2":"DE","adm0_sr":1,"name":"Nordrhein-Westfalen","name_alt":"North Rhine-Westphalia","name_local":null,"type":"Land","type_en":"State","code_local":null,"code_hasc":"DE.NW","note":null,"hasc_maybe":"DE.NI|DEU-NWS","region":null,"region_cod":null,"provnum_ne":11,"gadm_level":1,"check_me":20,"scalerank":3,"datarank":3,"abbrev":null,"postal":"NW","area_sqkm":0,"sameascity":-99,"labelrank":3,"featurecla":"Admin-1 scale rank","name_len":19,"mapcolor9":5,"mapcolor13":1,"fips":"GM07","fips_alt":"GM06","woe_id":2345487,"woe_label":"North Rhine-Westphalia, DE, Germany","woe_name":"Nordrhein-Westfalen","latitude":51.6146,"longitude":7.65708,"sov_a3":"DEU","adm0_a3":"DEU","adm0_label":2,"admin":"Germany","geonunit":"Germany","gu_a3":"DEU","gn_id":2861876,"gn_name":"Land Nordrhein-Westfalen","gns_id":-1835009,"gns_name":"Nordrhein-Westfalen","gn_level":1,"gn_region":null,"gn_a1_code":"DE.07","region_sub":null,"sub_code":null,"gns_level":1,"gns_lang":"zho","gns_adm1":"GM07","gns_region":null,"min_label":6.6,"max_label":11,"min_zoom":6.6},"geometry":{"type":"Polygon","coordinates":[[[8.826727735696437,52.388792222982715],[8.859128859309465,52.39104014858401],[8.8880159854493,52.39757721621558],[8.894372185927608,52.3999543321267],[8.961241488903624,52.40907522214374],[8.96387698723322,52.41062551485564],[8.966667515193677,52.41313182197595],[8.969303012623925,52.416335761086515],[8.98403079608434,52.444757799233],[8.993952670879082,52.45842621549741],[8.999120313851392,52.462767036169765],[9.025630324080169,52.479561876279575],[9.081182489180549,52.49757111321625],[9.085678337685124,52.498191229941256],[9.090949334344373,52.497441922007056],[9.096685418097593,52.49545237882424],[9.110534702414554,52.48297252096512],[9.112705111851426,52.48160309540657],[9.115960727805316,52.48000112585123],[9.119836459584917,52.478502509083484],[9.123712192263895,52.47767568588415],[9.131618687252654,52.47674550989734],[9.134099155051985,52.474885158823014],[9.13456424304536,52.471836249343454],[9.130223423272383,52.46454987197896],[9.126037632230975,52.460622464255295],[9.12107669393427,52.45757355387639],[9.117355990886296,52.45622996673953],[9.111309848770532,52.45338776283495],[9.108984408803366,52.45152741176062],[9.109759556058634,52.44625641510146],[9.110844760777098,52.44207062406005],[9.12836307129868,52.40845510541874],[9.09544518374824,52.37571808502156],[9.077926873226659,52.35241201390332],[9.07389611181614,52.34874298769867],[9.062889032302962,52.34615916621257],[9.057618035643799,52.34432465355994],[9.049194776717627,52.33980296483489],[9.041133253896504,52.33923452405406],[9.01803388835333,52.3410690367067],[9.01260786296254,52.34060395051188],[9.007801955196044,52.33923452405406],[9.004236280879695,52.336547349780375],[9.001135694556638,52.332878323575756],[8.995089552440959,52.322491359888375],[8.993332554154108,52.3160318057233],[8.989146763112672,52.28838491483191],[8.986976352776423,52.279470730389846],[8.98496097207115,52.273657132270756],[8.982790561735072,52.27011729637613],[8.982480503372557,52.26792104851762],[8.983255648829157,52.26497549092619],[8.986666294413965,52.26047964152221],[8.989611851106048,52.258283392764326],[8.99271243742902,52.25686229126174],[9.010902540619753,52.25409760172292],[9.044078809689381,52.24466665334333],[9.066299676089187,52.24146271423288],[9.07079552639243,52.24024831830525],[9.07265587656741,52.23918895110913],[9.070485467130624,52.23691518798549],[9.04857465999254,52.2276392692369],[9.04190840025251,52.2237893740803],[9.038497755566993,52.21862173110799],[9.039117873191344,52.21603791052118],[9.040823194634697,52.213014838563964],[9.042838576239319,52.21025014902514],[9.045784132931374,52.20443655000679],[9.04764448400573,52.196194160032405],[9.045939161662915,52.19407542653968],[9.041753370621592,52.19288686813448],[9.019429152333487,52.19407542653968],[8.988061558394236,52.188494371517976],[8.994314406084953,52.17795237909897],[9.004236280879695,52.16446482998791],[9.005941603222425,52.161028346880755],[9.007491895934322,52.155938219173436],[9.007801955196044,52.15257925133133],[9.007336867202696,52.14947866500836],[9.005786573591507,52.14699819630974],[9.003461133624427,52.144362697980114],[9.001600783449362,52.14255402284982],[8.99741499240804,52.13712799745906],[8.996484816421145,52.13410492640122],[8.998810256388197,52.133200588836104],[9.003616164154721,52.133407294411086],[9.015553419654623,52.13586192468807],[9.03090131984004,52.137102159037426],[9.043768752226129,52.13640452704729],[9.063974237021398,52.138032335024235],[9.135494419032256,52.1319086785426],[9.14293582512829,52.128988959372975],[9.146346469813722,52.12588837305],[9.145106234565077,52.12115998054864],[9.141695590778852,52.11547557184019],[9.140300326798666,52.11247833920396],[9.14014529806704,52.11017873855798],[9.14092044442296,52.10767243143755],[9.149292025606513,52.10219472920335],[9.177093947028084,52.0948566758949],[9.188256056172094,52.08503815388764],[9.189496291420738,52.0790178492943],[9.189806348883906,52.07496124946209],[9.188256056172094,52.07217072240093],[9.177714063753001,52.06038849473319],[9.176938918296457,52.05881236449895],[9.17662885903465,52.05677114537198],[9.177404006289919,52.053257147899075],[9.18562055784247,52.03728913008928],[9.197867872604206,52.019357408417676],[9.198798048591101,52.01695445408481],[9.197867872604206,52.01315623577162],[9.197092726248286,52.01093415039077],[9.196007520630587,52.00917715120454],[9.193216993569422,52.00623159451246],[9.190426467407548,52.004061184176294],[9.18484541238584,52.00096059785332],[9.178799269370813,51.99860932126319],[9.177404006289919,51.99767914527635],[9.176783887766192,51.99672313086785],[9.17662885903465,51.995637926149385],[9.176938918296457,51.9939326038066],[9.177093947028084,51.99150381105204],[9.176318800672107,51.99000519518356],[9.174768507960295,51.988454902471744],[9.172598096724755,51.98716299127898],[9.171047804012943,51.985974432873775],[9.175388624685297,51.983183905812524],[9.184535353124033,51.97935984997707],[9.209960157735111,51.97160838551858],[9.219158563017288,51.97031647432581],[9.22365441242124,51.97140167904425],[9.223344354058696,51.97352041343626],[9.22365441242124,51.97496735336068],[9.224274530045506,51.97625926455336],[9.22597985238832,51.97827464525864],[9.2278402025633,51.97987661391457],[9.230165643429729,51.981168525107364],[9.23404137520933,51.98258962750933],[9.238227166250681,51.98339061138759],[9.243343133279012,51.98375234569417],[9.24752892432042,51.98364899380607],[9.286027865993276,51.97277110550209],[9.287268101241892,51.97047150305744],[9.28587283726165,51.96496796330089],[9.27471072811764,51.93750193956285],[9.273108757663039,51.935486558857576],[9.269233025883437,51.931455797447086],[9.264892205211112,51.92840688706815],[9.257760858376884,51.92422109602674],[9.255280388778914,51.922360744952385],[9.257295770383536,51.9213272161781],[9.263186882868382,51.92112050970374],[9.28897342268533,51.923730170510936],[9.302150913433877,51.92323924409587],[9.32587039570214,51.91610789726164],[9.330727980312076,51.91125031175244],[9.333208449010783,51.908098050384694],[9.334603712990969,51.905772610417614],[9.336464064065296,51.9009150249085],[9.338324416039029,51.893421942868315],[9.336154005702753,51.882259832825014],[9.321994663023276,51.856266588332375],[9.332123244292347,51.85476797156463],[9.342510207080352,51.85624074991068],[9.360183547232936,51.86096914331131],[9.365609571724349,51.8614859081481],[9.41030968604315,51.86034902568696],[9.433098993223979,51.86257111286656],[9.443382603224592,51.86499990472183],[9.449738803702814,51.86706696227051],[9.455164829093604,51.868203843832305],[9.457955356154741,51.867428697476385],[9.461210972108745,51.8653616399277],[9.458420444148203,51.85926382096852],[9.456095005080414,51.85574982439488],[9.450979038052168,51.85053050457907],[9.44162560403845,51.84303742074033],[9.440075311326552,51.840763658515954],[9.440540399320014,51.838489895392314],[9.44415774868122,51.835234280337716],[9.44942874534027,51.83505341228508],[9.457645297792226,51.83306387000164],[9.46090091284691,51.83166860602137],[9.462141148095554,51.83011831330947],[9.461676060102093,51.8286196974411],[9.454544712368602,51.82407217119379],[9.452839390025787,51.82097158487073],[9.452064242770604,51.81608816183916],[9.45314944838833,51.805778714316205],[9.451909214038977,51.79776886743923],[9.44601810065484,51.785082302206405],[9.436664665741773,51.770457872432814],[9.433719109948981,51.767202257378216],[9.428138054927302,51.76273224549669],[9.422556999905595,51.75963166007298],[9.409534538787966,51.75472239772043],[9.406588982995174,51.75322378185197],[9.405348747746473,51.75213857713362],[9.404418572659011,51.74976146122239],[9.403023308678769,51.74542064144944],[9.40131798723533,51.74268179033234],[9.399302605630794,51.740252997577784],[9.396357048938626,51.73787588256593],[9.394186638602548,51.73671316258233],[9.392326286628844,51.73534373612449],[9.391086053178839,51.73384512025612],[9.389845818829485,51.72940094679623],[9.389535759567678,51.72392324546138],[9.390000847561026,51.71725698482197],[9.392946405152486,51.70526805337792],[9.39356652187746,51.70061717434314],[9.393101433884112,51.69756826396423],[9.389845818829485,51.69508779616487],[9.387985466855866,51.693020737716836],[9.387210321399238,51.689403388355714],[9.387675409392614,51.68490753805247],[9.390000847561026,51.67775035279655],[9.38876061411105,51.67415884095777],[9.38638349819982,51.67178172504654],[9.379717237560413,51.66914622671703],[9.376926711398625,51.66744090437422],[9.374756301062462,51.66501211251892],[9.373206008350564,51.66144643820252],[9.372430861095381,51.65625295680849],[9.372430861095381,51.65098196104864],[9.373050977820384,51.64726125800067],[9.374446241800655,51.64439321657363],[9.376151564143356,51.64211945344999],[9.37878706157369,51.640388291786195],[9.393721550609087,51.640052395002044],[9.440075311326552,51.64904409380986],[9.424262323147701,51.631525784187545],[9.417751092139184,51.627133287571155],[9.345920850866605,51.61230215132326],[9.3370841807903,51.60899485942522],[9.333053420279157,51.606669420357406],[9.3338285657357,51.60527415637716],[9.337239211320565,51.603000393253495],[9.339254592025839,51.60194102605749],[9.352122022613258,51.59648916314438],[9.353827344956073,51.59545563436998],[9.354757520942883,51.5941637231773],[9.355067580204718,51.592639268887126],[9.354912550573715,51.591088976175314],[9.35429243294945,51.58951284414243],[9.350261672438194,51.583621730758296],[9.348556349196201,51.58046946939052],[9.346695998121788,51.57592194314313],[9.343905470161332,51.570676784905714],[9.343440383067247,51.5691006537721],[9.342975295073813,51.567576199482005],[9.340184767113271,51.56129751247019],[9.335998976071949,51.55395945916163],[9.331503126667968,51.54954112412355],[9.326025425333142,51.54553620113475],[9.315793491276594,51.53990346926972],[9.310987582610892,51.535614326340095],[9.30711185083129,51.530756740830896],[9.302771030158965,51.523418688421714],[9.299515415104338,51.520059718781056],[9.29625980004974,51.51757925098161],[9.28292727967019,51.512876695103415],[9.27047326023279,51.505745348269215],[9.262876825405215,51.50223134989693],[9.25233483208683,51.50021596919157],[9.232801140859976,51.49246450473308],[9.227995233093566,51.489673976772565],[9.224274530045506,51.48703847934232],[9.221949090078425,51.48370534902264],[9.220243767735724,51.48032054275885],[9.218848503755453,51.47675486934179],[9.218538446292285,51.4752045757306],[9.218538446292285,51.47241404956873],[9.218693475023827,51.46977855123913],[9.218538446292285,51.46838328725886],[9.21802168055612,51.46616120097863],[9.217091506367979,51.46357737949245],[9.214766066400898,51.45866811803927],[9.21244062733308,51.456962795696455],[9.210115187366029,51.4561359733965],[9.198487990228557,51.457867133261544],[9.19337202320034,51.45639435491552],[9.157973666951165,51.438876044393936],[9.153787875909757,51.43828176519128],[9.14588138182026,51.43825592676956],[9.108674351340284,51.442906805804455],[9.089709099994934,51.452906195864244],[9.084903192228495,51.45706614848393],[9.084438104235147,51.4584614124642],[9.08428307460423,51.45996002923195],[9.085523308953583,51.470036932758234],[9.08598839694696,51.471406358316784],[9.086608513671933,51.47344757834304],[9.084593132966688,51.483007717032535],[9.07854699085101,51.48848541926674],[9.074826286903658,51.49096588796533],[9.071260614385892,51.49189606395217],[9.066454704820814,51.49168935837719],[9.064129265753024,51.49137930001464],[9.049659864710975,51.49603017815025],[9.030126174383412,51.50535777374225],[9.02128950430722,51.507993272971135],[9.015398390023705,51.509155992055355],[8.999430373113285,51.503936673138924],[8.958140902580624,51.49721873655545],[8.906154411796706,51.480914821961505],[8.902433708748731,51.478201809266096],[8.900883416036834,51.476212266982486],[8.89948815295594,51.473757635806294],[8.898092888975583,51.46941681603323],[8.898092888975583,51.466729640860194],[8.898868036230851,51.46476593699836],[8.90026329931186,51.46316396744314],[8.908944939757134,51.45546417892871],[8.910340202838114,51.453862210272746],[8.912665642805194,51.450244859112985],[8.914215936416383,51.44580068655236],[8.916076286591363,51.43642141411695],[8.91638634585317,51.43448354777746],[8.915921257859736,51.425130112864366],[8.916231317121628,51.422908027483516],[8.917006462578172,51.421461087559095],[8.918401726558443,51.42047923382958],[8.920417108163065,51.41991079394802],[8.941242709683308,51.41799876603025],[8.943878208012933,51.41706859004336],[8.946668735074098,51.415569973275694],[8.949614291766153,51.41236603506451],[8.949459263034612,51.40885203669214],[8.947443882329367,51.40448537939673],[8.942482944032662,51.396242988523085],[8.938762240984602,51.393013210990915],[8.935144890724132,51.39128205022649],[8.893597038672425,51.3899901390337],[8.883365106414516,51.38750967123437],[8.858043653691652,51.37541738520409],[8.855718214623948,51.374848945322526],[8.853237745925242,51.374642238848196],[8.850757277226535,51.374693914792346],[8.829673293287897,51.378853868311325],[8.824815707778669,51.38032664755673],[8.819699740750451,51.381205145800834],[8.814583773722205,51.38172190973833],[8.8088476899689,51.38172190973833],[8.796290316844704,51.38037832350079],[8.772570834576356,51.37541738520409],[8.751745233056084,51.37360871007388],[8.734536980896962,51.374125474910755],[8.727715692425278,51.373091946136384],[8.704099562045116,51.3663223327095],[8.685496046805099,51.363428452860745],[8.681620314126206,51.36200735135816],[8.679604933420961,51.360612088277264],[8.679449903790044,51.35882925156869],[8.673248732043362,51.35216299092926],[8.662086622899352,51.348235582306245],[8.653973423234902,51.34404979126481],[8.653353305610551,51.34265452728465],[8.653198275979634,51.34125926420367],[8.65257815925466,51.3398640002234],[8.65118289617368,51.336866766687905],[8.648237338582305,51.334437974832724],[8.615526156606848,51.31363821083471],[8.593925408730684,51.29599070910393],[8.588499383339894,51.28997040540986],[8.578112419652427,51.27594025304029],[8.5762520685781,51.27221954999223],[8.575631951853097,51.270204169286956],[8.575942010215641,51.268808906205976],[8.576717156571533,51.267465318169855],[8.578112419652427,51.266173407876465],[8.57997277162616,51.26490733510539],[8.584468621030027,51.262504380772555],[8.590824823306974,51.2597655305548],[8.594390495824769,51.257543443375226],[8.595320671811578,51.25622569376071],[8.595940789435929,51.2549079450456],[8.597025995053656,51.250903022056804],[8.59826622940301,51.2476732454239],[8.599041374859553,51.246277981443654],[8.600126579577989,51.24488271746347],[8.601573521300963,51.243616644692395],[8.603588901106946,51.24255727839568],[8.607929721779271,51.241317044046326],[8.617231479848925,51.240231839327976],[8.622037387615336,51.24036103053706],[8.624982944307419,51.240851956052865],[8.627618441737752,51.2419371607713],[8.629943881704833,51.24384918868907],[8.635214878363968,51.25046377248506],[8.636145054350777,51.25121308041935],[8.637695347062675,51.2521690939285],[8.639865757398752,51.253047593971246],[8.644826693896789,51.254055284323925],[8.665342237953894,51.25516632836337],[8.685651076436017,51.25899038419891],[8.70766523636155,51.26917064141196],[8.712316115396419,51.270565904492855],[8.716863640744464,51.27113434527379],[8.719034051080627,51.27069509480276],[8.72120446141679,51.26989411092444],[8.722754754128601,51.268705553418584],[8.723684930115496,51.26736196628167],[8.724150018108844,51.2658375110922],[8.723684930115496,51.26415802717119],[8.720119255798977,51.25746592900944],[8.719809198335895,51.25625153308181],[8.720119255798977,51.25511465151993],[8.721824578141764,51.25433950516404],[8.729576042600343,51.25183319804361],[8.731126336211446,51.25059296279497],[8.73174645293642,51.24981781733845],[8.736707391233125,51.23702790021741],[8.73779259595156,51.23372060831937],[8.738102655213396,51.23180858040169],[8.74414879732916,51.214962063448525],[8.744923943685052,51.21051788998861],[8.74895470509557,51.19852895854456],[8.749574822719921,51.197185370508436],[8.74988488108238,51.19594513615908],[8.751590203425081,51.19051911076832],[8.75221032104946,51.187754422128876],[8.752520379412005,51.18421458623416],[8.75221032104946,51.17793589922235],[8.751435173794277,51.174861152220444],[8.750194940344187,51.17279409377238],[8.717948846362162,51.150159817121846],[8.69774336066763,51.13284821217522],[8.695727979962271,51.130496934685794],[8.69557295123073,51.12923086191472],[8.69557295123073,51.12786143725546],[8.696038039224106,51.126440334853584],[8.696968215211001,51.12509674681746],[8.705494826025472,51.116260078539796],[8.706890090005658,51.11354706494504],[8.707355177099743,51.10876699470097],[8.706269972381392,51.10633820284579],[8.704409621307036,51.104736233290566],[8.678984815796582,51.0960804312669],[8.665807325947327,51.089233303474145],[8.663481885980246,51.088483995539946],[8.660846387650736,51.0881739371774],[8.658365919851292,51.08835480433075],[8.627153354643667,51.09359996256819],[8.524730665787615,51.09331574172808],[8.520544874746179,51.084944160544495],[8.524110549062613,51.08018992782286],[8.528141309573755,51.07631419514399],[8.535117628575705,51.06742584912362],[8.537443067643409,51.063240058082215],[8.538218214898706,51.06016531018085],[8.535892774931625,51.056057034404574],[8.534962598944816,51.050269272908565],[8.536667922186894,51.04391307243034],[8.54255903467174,51.03032217143104],[8.544419385746096,51.024663601144226],[8.544884473739444,51.02065867815543],[8.538218214898706,51.01337230079102],[8.52752119284878,51.005362453914046],[8.52612592886851,51.00376048435882],[8.5230253434448,50.99957469331741],[8.519459670027743,50.993528551201734],[8.514653761362041,50.98743073224253],[8.512328322294252,50.98339996993266],[8.51093305831398,50.98164297074652],[8.509537795233001,50.98029938450895],[8.507367383997575,50.979420885365556],[8.505041944929843,50.978852443685355],[8.497135450840375,50.977715563022855],[8.490624219831886,50.97296133120048],[8.478015170763541,50.954874578998584],[8.469643588680697,50.94376414669793],[8.469023471955722,50.94164541320518],[8.468403355230635,50.93658112212111],[8.4680932959688,50.92076813394223],[8.46623294399518,50.91671153410999],[8.46375247619585,50.914489447829766],[8.461272006597852,50.914515286251486],[8.449954867822953,50.91632396138169],[8.444063755338078,50.91601390211986],[8.427113884698059,50.90872752475548],[8.400603875368546,50.89234609579566],[8.396883172320571,50.888832099222014],[8.397658318676491,50.88387116092534],[8.39781334830738,50.879194444368125],[8.396573113958027,50.87673981409111],[8.394867790716035,50.87508616769247],[8.374197217927247,50.86464752896029],[8.368616163804916,50.86268382419911],[8.364120314400964,50.861598619480674],[8.351097853283335,50.86146942827148],[8.336680129084726,50.859893297137944],[8.320195347337432,50.86180532505571],[8.314459262684835,50.8644924993294],[8.30608768060199,50.877463284502966],[8.303297152641449,50.87963369393984],[8.299576449593474,50.880873928289105],[8.287484165361946,50.880460517139085],[8.28345340305205,50.8794269883648],[8.280507847259372,50.87818675401553],[8.268415562128553,50.868419907952415],[8.225265741420827,50.84369273533147],[8.22325035981629,50.84214244172031],[8.218909539143965,50.837569077950576],[8.216584100076147,50.83586375650714],[8.197153760737507,50.82705292395326],[8.195448439293983,50.825812690503284],[8.194363233676256,50.82439158810132],[8.187231885942765,50.81152415571523],[8.139276156569366,50.784962470441656],[8.134160190440411,50.78134512018116],[8.133385044084491,50.78000153304433],[8.132919956091143,50.77837372506738],[8.132919956091143,50.776900946721355],[8.133540072816146,50.775660712372],[8.134780308064762,50.774472153966684],[8.136950718400925,50.773438626091774],[8.138966099106199,50.77276683252336],[8.140826450180526,50.771836656536436],[8.14191165489899,50.77059642218708],[8.142221714160797,50.76920115820684],[8.141756626167336,50.76635895430235],[8.14191165489899,50.765067044008845],[8.142996859617426,50.76372345597272],[8.145012241221963,50.762328192891744],[8.167388136353395,50.751579494897754],[8.17172895702572,50.748530585418195],[8.1731242201067,50.747135322337215],[8.174364455355345,50.745585028726055],[8.17498457208032,50.743879706383325],[8.175139600811974,50.74207103125312],[8.169558546689643,50.715871080286064],[8.16692304925931,50.707861233409176],[8.16459760929223,50.70543244155391],[8.161341994237716,50.70411469193951],[8.151058384237103,50.70274526638096],[8.14671756356475,50.69995473931979],[8.143927035604236,50.69778432898363],[8.134470248802955,50.68403839835344],[8.106720005124174,50.69504547786653],[8.095506219136638,50.69713837293756],[8.08946007702096,50.69680247705267],[8.064500360403343,50.68951609968818],[8.059229363744123,50.68905101169483],[8.056283807052125,50.69091136276916],[8.054578484709339,50.69861115218288],[8.052408075272524,50.70398550073031],[8.050392693667902,50.70734446947168],[8.033752883188981,50.725999661555136],[7.991429883882034,50.760984605754885],[7.981146273881507,50.77354197887925],[7.980526157156419,50.77793447549564],[7.981301304411687,50.78503998480741],[7.983781773110309,50.79452261003041],[7.983936801841935,50.80299754490076],[7.982231480398497,50.810568142205966],[7.976650425376818,50.826975410486796],[7.973394810322304,50.833176581334186],[7.970294223999218,50.837026476490706],[7.967658725669708,50.8374657251631],[7.964868197709166,50.837414049219035],[7.962077670647915,50.836897285281424],[7.949210239161204,50.83253062618738],[7.946574740831664,50.83209137571646],[7.942543980320437,50.83203969977231],[7.93448245570076,50.83524363888279],[7.923888787337717,50.84113475226701],[7.893503045329311,50.86255463298991],[7.885596551239814,50.86692129208396],[7.8591898937986,50.87265737583718],[7.849888135728861,50.876171373310285],[7.846167432680886,50.87885854848324],[7.844617139969074,50.88195913390692],[7.84523725759334,50.885111396173954],[7.846942579936155,50.89056325908717],[7.849268019003944,50.895033270968696],[7.8520585469644,50.89916738516669],[7.856399366737435,50.90821076081795],[7.859654981791948,50.92247345628493],[7.801622348892352,50.93270539034151],[7.788599887774637,50.930276598486216],[7.757542352197817,50.91131134714095],[7.755682000224112,50.90660879216202],[7.754131706613009,50.900045885209465],[7.757852410560361,50.87534455011087],[7.759247673641255,50.87046112707938],[7.760849644095856,50.86712799675965],[7.762865023901753,50.8644924993294],[7.765965610224725,50.86268382419911],[7.768291050191806,50.85953156193199],[7.770461459628677,50.8548806828972],[7.771236605984598,50.84397695617159],[7.770306430897051,50.83935191555844],[7.767670932567427,50.83648387323214],[7.765345492600346,50.836225490813746],[7.763330111895186,50.836380520444635],[7.740644159300501,50.84196157546634],[7.738163689702503,50.84159984026044],[7.734287957023639,50.83999786980584],[7.718629997576386,50.82780223188746],[7.712893913823081,50.82441742652301],[7.675635207398955,50.809973863003336],[7.693928664276427,50.798036607503434],[7.698734572042838,50.79191295012251],[7.699509718398758,50.787649644715316],[7.699354688767926,50.78441986808244],[7.698889600774493,50.781629340121896],[7.697184279331054,50.77852875379892],[7.696099073713242,50.77705597635216],[7.694083693007968,50.77571238921533],[7.692068312302808,50.77506643316934],[7.68958784270481,50.77473053638508],[7.686642286912047,50.774937241960146],[7.684316846944967,50.77581574200289],[7.682766554233069,50.77684926987783],[7.680906203158713,50.77876129779568],[7.679820998440363,50.779743149726556],[7.677495557573906,50.77917470984491],[7.674084913787766,50.777211005083785],[7.665093214979919,50.766849880717416],[7.662147658287779,50.76449860322799],[7.659202100696433,50.7633100448227],[7.627214390032066,50.755636094729994],[7.617912631962412,50.75230296530961],[7.613416781659168,50.74940908546097],[7.610471225866377,50.745843411144534],[7.606130405194051,50.738091945786664],[7.603184849401259,50.73509471315046],[7.599464146353284,50.733441066751794],[7.58142907099483,50.73571482987546],[7.577088250322504,50.7356631539314],[7.57181725366334,50.73499136036298],[7.56329064284887,50.73276927318338],[7.532388136003675,50.720987047314395],[7.448620640130457,50.70615591106639],[7.411051872645771,50.708197130193355],[7.386867303283424,50.70364960394605],[7.380046013912477,50.69884369617964],[7.38082116116766,50.69721588820269],[7.382836540973642,50.695743109856664],[7.384386833685426,50.69380524441647],[7.384541864215635,50.6915314812928],[7.383146600235449,50.68383169187911],[7.382991570604446,50.68080862082118],[7.383766716960452,50.677113756194814],[7.383921745692078,50.673160509150165],[7.383456658597908,50.6683804389061],[7.376945427589419,50.66186920789761],[7.374619989420978,50.6574508728595],[7.373379754172248,50.65339427302726],[7.373844842165795,50.64729645406808],[7.373069695809818,50.644454251062854],[7.371519403098006,50.64259389908915],[7.344492628931704,50.63008820280831],[7.340461866621808,50.62889964530237],[7.293901401228652,50.61980459190832],[7.282584263353016,50.618822739977446],[7.226256951896858,50.62140656236292],[7.224241571191612,50.62249176708136],[7.222846307211341,50.62432627973399],[7.221761101593529,50.62755605726616],[7.220520868143552,50.62972646670306],[7.218815544901446,50.631767686729404],[7.217730340183095,50.63269786181684],[7.215714958578474,50.63391225774447],[7.208583611744359,50.63647024170825],[7.202382439997677,50.6377363144793],[7.199075148099638,50.637529608904345],[7.196904737763475,50.63631521297671],[7.195354445051578,50.63355052343789],[7.19411421070231,50.631121731582596],[7.18574262861938,50.619003608030084],[7.178611280885889,50.61737580005314],[7.154581740255082,50.60112356230252],[7.14372968857424,50.598978990388076],[7.12181888233556,50.60419831020377],[7.118098179287585,50.603939927785376],[7.115307651327043,50.60249298786107],[7.11298221225934,50.59825551997622],[7.110036654667908,50.5942247585657],[7.105230746901498,50.58910879243675],[7.098719516792272,50.586809189992096],[7.093603549764026,50.5861632348454],[7.090502964340345,50.58652497005127],[7.074328240955595,50.59205434822954],[7.061615838200396,50.592932848272284],[7.051848993036572,50.59034902588684],[6.998932326265844,50.566603705196854],[6.97128543537454,50.55965322551597],[6.953612095222041,50.55805125596066],[6.944775425145735,50.55632009519621],[6.939349398855683,50.55476980248443],[6.937644077412244,50.55314199540675],[6.936403843062976,50.55159170179559],[6.93469852072019,50.54882701315614],[6.928497348973508,50.54110138621999],[6.913252800676275,50.52942251223911],[6.889533319307304,50.524926662835156],[6.887672967333572,50.523815619695085],[6.885192497735602,50.52177440056812],[6.886122673722411,50.51702016874577],[6.887672967333572,50.51273102491686],[6.889223260045469,50.50596141238924],[6.890153436032278,50.4965821399538],[6.887827996065198,50.4766608750993],[6.880696649230998,50.467720852235516],[6.873565300598216,50.46219147405725],[6.863643425803474,50.4606928572895],[6.85971601718046,50.4606928572895],[6.852894727809428,50.46141632770136],[6.84622846806937,50.462914944469105],[6.840182325953606,50.46549876595529],[6.836306593274628,50.467720852235516],[6.834136182938465,50.46921946900335],[6.828090040822701,50.47516225833155],[6.822198927438563,50.482758694058475],[6.820648633827403,50.4860143091131],[6.814602491711639,50.48637604431897],[6.776568638032217,50.47686758157363],[6.760135532229071,50.470666408927656],[6.759825473866528,50.46919363148092],[6.760290561859904,50.46733327950719],[6.761530796209342,50.46441356123685],[6.761840854571801,50.460150254930284],[6.760910678584992,50.454233303124425],[6.755329623563284,50.44544830989156],[6.753004185394872,50.44048737249423],[6.75253909740141,50.43681834628961],[6.754089390113307,50.435009671159406],[6.756879917174473,50.43356273123507],[6.770057407023728,50.42968699855612],[6.773313022078327,50.42813670494493],[6.77625857877041,50.42622467702725],[6.777653842750681,50.423950913903525],[6.778273960375031,50.42139293083903],[6.778118930744029,50.40989492491087],[6.779359165093467,50.40048981405363],[6.781374545798656,50.393074246379314],[6.783699984866445,50.38881094007286],[6.786335483195955,50.385400296286605],[6.795482211634805,50.37625356694858],[6.798117709964345,50.37284292316235],[6.799512973944587,50.369638984051875],[6.801218296287402,50.36336029704006],[6.799978061938049,50.35948456526046],[6.797652621970968,50.35669403730003],[6.795017123641344,50.35560883258157],[6.770367466285563,50.35263743836708],[6.718225945870699,50.34157868111129],[6.701637811335928,50.3436974155033],[6.689028761368235,50.35392934776121],[6.681897413634744,50.35793427254865],[6.671200391584819,50.36235260668738],[6.663293898394727,50.36209422516836],[6.656937697017128,50.359148668476195],[6.649806349283637,50.35465281817304],[6.635491977872505,50.3503119984],[6.625105015084415,50.3503119984],[6.619523960062708,50.35093211512498],[6.618283725713354,50.352921658307906],[6.619523960062708,50.35560883258157],[6.622779575117335,50.35948456526046],[6.62479495582258,50.362507636318384],[6.622624546385708,50.366150825000574],[6.616268345008109,50.36948395442096],[6.598905064117417,50.37519419975257],[6.59053348113531,50.37689952209527],[6.585572543737896,50.37739044940972],[6.578544548791882,50.3750133334986],[6.572808465038662,50.373618069518244],[6.532190788973708,50.369458115999265],[6.528004997932271,50.368476264068306],[6.525627882920503,50.366900132934774],[6.48097944544503,50.34625539856776],[6.464494662798472,50.34191457789544],[6.458138462320164,50.34101024033035],[6.454417759272189,50.34256053304213],[6.450386996962294,50.3535676134546],[6.44806155789459,50.35646149420262],[6.444650913209074,50.359252021263785],[6.428062777775011,50.364833076285464],[6.421706577296703,50.36839874880323],[6.419381138228914,50.3706725119269],[6.418295932611272,50.37320465836831],[6.416590610268486,50.375375067805095],[6.413748407263256,50.37832062449718],[6.406307000267873,50.38224803312019],[6.401811150863978,50.38338491558136],[6.397625359822484,50.38322988505115],[6.395144891123863,50.3820413284445],[6.392354364062612,50.380025946839964],[6.390959100082426,50.37751963971965],[6.3908040713508,50.375375067805095],[6.391734246438347,50.37222280553797],[6.424032017263784,50.33914988925599],[6.425582309975596,50.33697947891983],[6.426357456331488,50.335325833420455],[6.426512485063114,50.33372386296594],[6.425737338707222,50.33243195357181],[6.420311314215809,50.32984813118634],[6.398400506178461,50.323181871446195],[6.373399684124109,50.32308003495788],[6.372458130000098,50.329435527000044],[6.337731567000077,50.368089498000046],[6.336387980000097,50.37992340200006],[6.34331262200007,50.3933075970001],[6.350443969000111,50.4168720510001],[6.351167440000012,50.433563538000044],[6.347343384000084,50.436974183000075],[6.340212036000139,50.43785268200011],[6.331633748000115,50.44689605700006],[6.326156046000108,50.45702463800012],[6.32326216600012,50.46601633700007],[6.325742635000097,50.47402618400014],[6.336904744000037,50.48100250200014],[6.31871464000011,50.48167429600011],[6.27540979000014,50.48803049700004],[6.260113566000086,50.49268137600009],[6.257839803000053,50.49407664000009],[6.255566040000133,50.49459340400011],[6.253085571000071,50.49407664000009],[6.25091516100008,50.49268137600009],[6.217118774000085,50.48601511700008],[6.207196900000099,50.486325175000076],[6.199238729000029,50.49040761300009],[6.190660441000091,50.5018281050001],[6.182598917000121,50.50658233700008],[6.190557088000077,50.51521230100013],[6.178878214000093,50.51578074200009],[6.170816691000113,50.51795115200008],[6.169473103000144,50.522498678],[6.177327922000075,50.53019846600009],[6.160688110000052,50.54358266300005],[6.17908492000015,50.56197947200013],[6.210607543000037,50.57867095900008],[6.232931763000096,50.58714589400006],[6.232931763000096,50.59076324500006],[6.244300577000075,50.59954823900006],[6.251328572000091,50.60843658500005],[6.249054809000086,50.61443105100008],[6.180015096000119,50.61551625600009],[6.159447876000115,50.62238922200004],[6.147769002000047,50.636755270000066],[6.161101521000063,50.64218129600002],[6.100226685000052,50.701299134000095],[6.081003052000113,50.713494772000104],[6.064363240000091,50.71447662400007],[6.02477909300012,50.7075519820001],[6.011549926000043,50.70853383500014],[6.007622518000062,50.716905417000135],[6.011343221000089,50.7274474080001],[6.010826457000036,50.73705922500011],[5.994186645000127,50.742588603000115],[5.992739705000133,50.74444895500011],[5.992636353000108,50.74625763000009],[5.993256469000073,50.748066305000094],[5.994910116000113,50.7499266560001],[5.997080525000115,50.76294911700003],[5.990569295000057,50.76904693600008],[5.980647420000139,50.77343943300008],[5.972999308000055,50.78181101500007],[5.968761841000116,50.794626770000036],[5.983954712000127,50.792197978000075],[5.998320760000041,50.80072458900011],[6.003591756000077,50.81261016900004],[6.001421346000086,50.821808574000045],[6.000491170000117,50.83043853800007],[6.009276164000113,50.840463765000095],[6.023022095000073,50.84542470400004],[6.045553019000067,50.84418446900011],[6.056715129000111,50.85265940400012],[6.062812948000072,50.86294301400011],[6.063123006000069,50.870901184000076],[6.054648071000145,50.89146840400005],[6.056508423000139,50.898082988000056],[6.061779419000089,50.90350901300013],[6.063743124000041,50.90753977500003],[6.031083618000139,50.91472279900009],[6.007519165000133,50.92407623300011],[5.999871053000078,50.929398906000074],[5.997287232000076,50.937357076000126],[5.995840291000064,50.951774801000056],[5.999664348000096,50.96009470600009],[6.005762167000057,50.9685179650001],[6.003695109000091,50.973737284],[5.967831665000062,50.97099843400008],[5.941580037000023,50.97647613500007],[5.927730754000066,50.97766469400008],[5.914191529000078,50.975235901000104],[5.888249959000035,50.96712270100011],[5.874607381000118,50.96536570300003],[5.87357385200005,50.9905838010001],[5.858174275000067,51.01934173600009],[5.852489868000106,51.04275116000005],[5.88049849500004,51.0520529180001],[5.894347778000082,51.04714365700005],[5.906233358000122,51.037402649000114],[5.919565877000139,51.029702860000015],[5.937962687000038,51.030943095000055],[5.950261678000089,51.03946970700008],[5.969485311000113,51.06492035000008],[5.982921183000144,51.07468719500014],[6.075421997000092,51.12036916100004],[6.132369426000082,51.13982533800004],[6.147252238000107,51.152253520000016],[6.12627160700012,51.16457834900007],[6.149112589000111,51.17633473700005],[6.157070760000067,51.17925445600014],[6.134126424000044,51.18421539400009],[6.084310344000102,51.162692159000045],[6.060849243000121,51.170908712000085],[6.053717895000091,51.18938303700011],[6.056611776000096,51.21170725500008],[6.065190063000102,51.23162852000007],[6.075421997000092,51.242661439000074],[6.096505981000121,51.25881032400008],[6.147769002000047,51.3181607060001],[6.158207641000075,51.32459442200013],[6.183632446000104,51.335704854000056],[6.193554321000079,51.34451568600005],[6.198928670000043,51.35696970600014],[6.202029256000088,51.3788805130001],[6.207817016000149,51.38766550800008],[6.192727499000057,51.39895680800004],[6.194071086000122,51.41737945600005],[6.201719197000102,51.43864430800002],[6.205336548000105,51.458436382000116],[6.20047896300008,51.47657480900003],[6.19334761500005,51.509337667000125],[6.153039998000082,51.53843149900004],[6.086480754000092,51.595533956000054],[6.082139933000121,51.60780710900008],[6.087514282000086,51.62209564200006],[6.099193156000069,51.64447153800006],[6.031497030000054,51.66299753900009],[6.008552694000116,51.681187643000044],[6.02198856600009,51.70950632800003],[6.012066691000086,51.71586252800006],[5.989742472000103,51.7263786820001],[5.978270304000091,51.72978932700005],[5.949228150000096,51.72937591600004],[5.939306274000103,51.7318822230001],[5.940133097000029,51.742630921000114],[5.946056399941597,51.74628821626399],[5.962353963000083,51.75635101300014],[5.964110962000063,51.77655649900004],[5.950778442000114,51.795909322000085],[5.928040812000063,51.80673553500014],[5.931451457000065,51.81564972000007],[5.948091268000098,51.82296193500014],[5.988915650000081,51.827457784000075],[6.008242635000045,51.83257375100007],[6.028913208000063,51.84210805300006],[6.043279256000062,51.84686228500004],[6.084000284000126,51.8536577350001],[6.116453084000057,51.84828338700004],[6.140017537000062,51.84453684500011],[6.156140584000127,51.84205637600013],[6.142704712000068,51.85518219000011],[6.105394327000056,51.87947011300011],[6.09299198400015,51.8853095500001],[6.1269950760001,51.8967300410001],[6.159241170000058,51.88729909300014],[6.191383911000088,51.87115020800013],[6.225180298000083,51.86254608200011],[6.256392862000069,51.866809387000075],[6.264661092000011,51.86618927100008],[6.271792439000137,51.861900127000126],[6.282851196000138,51.849601135000086],[6.287398722000091,51.846164653000045],[6.325742635000097,51.84254730300006],[6.341969034000016,51.83668202800007],[6.344966268000121,51.82110158300014],[6.382483358000115,51.827586975000116],[6.38661747200004,51.83756052700011],[6.378452596000045,51.860117289000044],[6.442531372000133,51.84836090100006],[6.462891887000069,51.84836090100006],[6.47942834400007,51.85301178000012],[6.528624308000133,51.87642120400008],[6.628153117000068,51.8975051890001],[6.716674846000046,51.89926218700009],[6.743753296000079,51.908331401000055],[6.767007690000099,51.925513815000016],[6.789848673000108,51.951145325000084],[6.798013550000121,51.95670054200008],[6.805661661000102,51.95752736500003],[6.81072595200007,51.96057627400003],[6.811656127000049,51.97279775100006],[6.809175659000061,51.97954152500009],[6.804008016000068,51.98437327100001],[6.778169800000029,52.00127146500009],[6.7128507890001,52.02385406500014],[6.690939982000117,52.02785898800002],[6.675023641000109,52.03480946900001],[6.672956583000143,52.05005401600005],[6.679881225000116,52.060466818000094],[6.688872925000084,52.063102316000084],[6.699414917000126,52.06356740400011],[6.711403849000106,52.06728810700014],[6.719465373000077,52.073566793000055],[6.7276302490001,52.08630503300009],[6.73290124500005,52.09198944100004],[6.749851115000126,52.102867330000095],[6.765870808000102,52.108396709],[6.771575683935481,52.108792501986215],[6.830673055000091,52.11289255800003],[6.843282105000128,52.11999806700007],[6.865399617000037,52.147799988000116],[6.884829956000118,52.16033152300011],[6.927721395000077,52.17190704400005],[6.94766849700008,52.18281077100002],[6.971129598000061,52.2062718710001],[6.981878296000076,52.21399749800008],[7.026320027000054,52.230637309000116],[7.029110555000017,52.23577911400011],[7.02660015178796,52.23862268684388],[7.026682569944626,52.2386205103283],[7.053089227385925,52.237922879237516],[7.094378696119946,52.24869741475385],[7.108486361956011,52.25500193928801],[7.115772739320505,52.25975617111038],[7.121508823073725,52.26265005095911],[7.259174839447297,52.266164049331394],[7.300567660968795,52.27179678029722],[7.348523390342194,52.29210561787997],[7.363251173802638,52.30058055275029],[7.36810875841249,52.302647610298976],[7.372604607816442,52.30393952149177],[7.398339470789978,52.30732432685619],[7.409036492839903,52.31055410438836],[7.416477898935824,52.313964749073904],[7.46737918500142,52.34639171020925],[7.513629592032032,52.37003367811175],[7.519055617422794,52.37184235324196],[7.533318311990485,52.37349599874133],[7.539726190211525,52.37339264595386],[7.558484735082459,52.37142894119265],[7.560500115787704,52.371583970823565],[7.561585321405516,52.37184235324196],[7.565771112446953,52.37514964514],[7.570577020213364,52.38016225938074],[7.573057488911985,52.38207428729851],[7.574762811254772,52.383004462386054],[7.575692987241609,52.382926948020184],[7.58080895337045,52.39042003006037],[7.587010125117132,52.40476023989311],[7.590575799433566,52.41031545739247],[7.595123324781582,52.413958645175285],[7.602099643783532,52.41540558509962],[7.602564730877617,52.41721426022991],[7.60070437980329,52.419643052984554],[7.593883091331605,52.42517243116282],[7.58623497876124,52.42754954707394],[7.583134393337531,52.43282054283381],[7.581894158988263,52.43638621715024],[7.594038120063232,52.46832225187043],[7.598844027829642,52.472921454061805],[7.601169467796723,52.4744717467737],[7.6055102875697,52.47560862923484],[7.609075961886134,52.47555695329069],[7.680596143896992,52.46201772733619],[7.685402051663402,52.45979564105596],[7.688657667617292,52.45793528908226],[7.692068312302808,52.45328441004747],[7.694393752269889,52.44775503186921],[7.702920363084274,52.41333852845031],[7.705607537357935,52.40997955970883],[7.709793328399371,52.40734406227867],[7.734132928292013,52.401918036887906],[7.801777377623893,52.37579560028669],[7.8051880232087,52.373702704316315],[7.816195102721792,52.365124417557865],[7.822602980043513,52.36326406558413],[7.829269239783571,52.362721463224915],[7.894898309309468,52.37861196576958],[7.899704217075993,52.37845693613866],[7.90575036009102,52.37726837773346],[7.911021355850892,52.37132558930455],[7.920013054658739,52.364917711083535],[7.92874637194754,52.35987925932034],[7.94223392105863,52.34760610613691],[7.960682406667758,52.32667715092978],[7.970449252730845,52.31753042339031],[7.972774691798577,52.31463654174294],[7.973549839053845,52.31210439710017],[7.969984164737411,52.31003734045086],[7.966418491320354,52.30910716446405],[7.935877719681031,52.30636831334695],[7.932157016632971,52.30533478547193],[7.929676547934349,52.30300934550485],[7.929211459940916,52.299908759181875],[7.931381870277164,52.29386261706611],[7.93277713425735,52.291175441893074],[7.934792514962595,52.28861745882867],[7.940838657078359,52.28326894780366],[7.946419712100038,52.27699026079185],[7.946264683368497,52.274277248995844],[7.944249301763875,52.271357529826105],[7.938203158748735,52.26585399006956],[7.920013054658739,52.254278468876265],[7.916292351610764,52.25068695703749],[7.916137322879138,52.24916250274731],[7.916447381241682,52.247043769254475],[7.918617790678468,52.24285797821315],[7.924198845700147,52.23619171847301],[7.925594109680418,52.23340119141184],[7.9254390800495,52.230352281032935],[7.923268669713337,52.22642487240989],[7.917377557228491,52.22006867103232],[7.904200067379236,52.211464544952776],[7.900789421794343,52.207873033114026],[7.900634393062802,52.204927477321235],[7.903579949754857,52.20037995107384],[7.907765740796293,52.19831289352524],[7.914742058898867,52.19671092396993],[7.924043816968606,52.196400864708096],[7.933087191720517,52.195263984045596],[7.934327426969134,52.194850571996284],[7.93680789566784,52.190458076279185],[7.938668246742196,52.18410187400224],[7.942543980320437,52.181466376572075],[7.947504916818502,52.1798127310727],[7.960217318674381,52.18004527417],[7.978200718088715,52.18224152292797],[7.990499708794573,52.18175059741219],[8.00848310730953,52.177719835102295],[8.013754103069402,52.17596283591607],[8.017474806117377,52.17412832326343],[8.017319777385836,52.170045885009586],[8.01390913270032,52.164051418837886],[8.003522169912202,52.15087392808934],[7.99716596763534,52.138419907752564],[7.996855910172087,52.13348480877684],[7.994375440574174,52.127826240288755],[7.990189650432029,52.12322703719795],[7.979440952437983,52.121883450061205],[7.966573520951243,52.12147003801181],[7.947194857556667,52.11870534937236],[7.922183464994902,52.11154816321715],[7.904665155372584,52.102969876458616],[7.893192986966767,52.09516673425733],[7.891642694254955,52.08976654728838],[7.900169305069426,52.07816518857254],[7.904200067379236,52.0718865024601],[7.912416619831163,52.05602183743778],[7.914742058898867,52.05465241097997],[7.91970299629628,52.05310211916745],[7.947814976080309,52.04728852014907],[7.965178256971001,52.04121653871232],[7.969829136005785,52.03852936533792],[7.973859898315652,52.038451850072875],[7.979440952437983,52.04038971641225],[8.022900832407515,52.06615041780759],[8.03824873169367,52.070723782476506],[8.074577263929626,52.0747028670437],[8.110440708172149,52.06653799143518],[8.18103071509546,52.08307444912654],[8.199014112711154,52.08953400329159],[8.21146813304793,52.09666535102508],[8.217669304794612,52.103331610765224],[8.234722528222107,52.11614736630787],[8.266865269416655,52.133613999986125],[8.393627557265972,52.11126394327633],[8.400758904999464,52.112426663259924],[8.405874871128418,52.1142353383901],[8.407890251833663,52.11560476304939],[8.410215691800744,52.11878286373812],[8.418277214621781,52.13371735277363],[8.42168786020656,52.137851466971625],[8.426028679979623,52.14097789171632],[8.466077915263554,52.15671336552933],[8.47584476132667,52.16167430292674],[8.480960728355,52.16529165318724],[8.48623172411476,52.170045885009586],[8.491864455080588,52.176195379912826],[8.497135450840375,52.18343008133317],[8.498375685189728,52.18684072511934],[8.497600538833836,52.18919200350811],[8.486851840839847,52.19505727847064],[8.465612827270206,52.20379059486007],[8.463907504927477,52.20477244679094],[8.460961948235308,52.214332587279074],[8.458791537899145,52.25009267783483],[8.460961948235308,52.2865762397017],[8.460186801879416,52.30419790301079],[8.456001010838008,52.32130280238235],[8.4496448103597,52.33809764339156],[8.440963169015106,52.35375560193944],[8.435072055630883,52.361455390453955],[8.427734002322325,52.366778063057154],[8.398898553025845,52.37959381770054],[8.333889601124184,52.39835236347085],[8.32644819502815,52.40486359357996],[8.321332227999932,52.41023794212731],[8.301436801567206,52.45111399971131],[8.323812696698525,52.445946356738915],[8.346602003879354,52.44599803358244],[8.350632765289959,52.44532624001394],[8.358384229748367,52.442819932893514],[8.366910842361477,52.4413988313909],[8.423703240911834,52.44599803358244],[8.441118197746647,52.45106232376716],[8.448094516748597,52.4546279971843],[8.45212527815903,52.457986965925784],[8.453985630132735,52.46150096339869],[8.461737094591228,52.486150620754586],[8.462667270578038,52.48811432641506],[8.463907504927477,52.48976797101497],[8.465767856001747,52.49131826372687],[8.472124058278695,52.494573880580134],[8.481115757086542,52.498036201209715],[8.491864455080588,52.503229681704426],[8.496670362846913,52.506511135180745],[8.516979201329121,52.508113104736],[8.566485223414361,52.50713125280504],[8.58260826995567,52.50912079508865],[8.63211429204091,52.52392609291485],[8.636610142344239,52.52418447533324],[8.64281131409092,52.524055284124046],[8.659606154200645,52.519843655560294],[8.667512648290142,52.51493439410703],[8.676194288735445,52.51100698548399],[8.703634474051768,52.48015615548215],[8.706580030743822,52.4711127789316],[8.707200148368202,52.464704902509226],[8.70673506037474,52.46106171292766],[8.704409621307036,52.451579087704744],[8.704254591676033,52.44677317993833],[8.704719678770118,52.4425357120534],[8.706269972381392,52.439254259476456],[8.709525588335282,52.43460338044167],[8.710610793053718,52.432097073321245],[8.710300733791797,52.428789781423205],[8.707200148368202,52.41765350980165],[8.706580030743822,52.41214997004511],[8.70673506037474,52.407292385435255],[8.70751020673066,52.40336497681221],[8.708595412348473,52.400936184057656],[8.711075881047066,52.39861074498987],[8.712781203389795,52.397396349062234],[8.723994989377218,52.39561351235375],[8.826727735696437,52.388792222982715]]]}},{"type":"Feature","properties":{"adm1_code":"LUX-906","diss_me":906,"iso_3166_2":"LU-D","wikipedia":null,"iso_a2":"LU","adm0_sr":1,"name":"Diekirch","name_alt":"Dikrech|Dikkrich","name_local":null,"type":"District","type_en":"District","code_local":null,"code_hasc":"LU.DI","note":null,"hasc_maybe":null,"region":null,"region_cod":null,"provnum_ne":3,"gadm_level":1,"check_me":20,"scalerank":9,"datarank":8,"abbrev":null,"postal":"DI","area_sqkm":0,"sameascity":9,"labelrank":9,"featurecla":"Admin-1 scale rank","name_len":8,"mapcolor9":3,"mapcolor13":7,"fips":"LU01","fips_alt":null,"woe_id":20070542,"woe_label":"Diekirch, LU, Luxembourg","woe_name":"Diekirch","latitude":49.9763,"longitude":6.00481,"sov_a3":"LUX","adm0_a3":"LUX","adm0_label":5,"admin":"Luxembourg","geonunit":"Luxembourg","gu_a3":"LUX","gn_id":2960655,"gn_name":"District de Diekirch","gns_id":-1735848,"gns_name":"Diekirch, District de","gn_level":1,"gn_region":null,"gn_a1_code":"LU.01","region_sub":null,"sub_code":null,"gns_level":1,"gns_lang":"zho","gns_adm1":"LU01","gns_region":null,"min_label":8.7,"max_label":11,"min_zoom":8.7},"geometry":{"type":"Polygon","coordinates":[[[6.022966605812229,50.15082036018575],[6.02736291500014,50.14944651300004],[6.038628377000094,50.14841298500005],[6.061366008000078,50.15073842400008],[6.070047648000127,50.15420074500014],[6.076455525000085,50.15864491800005],[6.084206991000087,50.159316712000106],[6.097126098000103,50.15130686500004],[6.101466919000075,50.142108460000145],[6.100330037000077,50.13265167300008],[6.102603800000082,50.12474517900003],[6.11748661300004,50.120456035000075],[6.110561971000038,50.10598663400003],[6.105704386000127,50.09224070200008],[6.099399861000109,50.06412872300007],[6.101156861000078,50.06340525400006],[6.107151327000111,50.063766988000054],[6.10942509000003,50.0635602830001],[6.105704386000127,50.06030466800013],[6.096402629000096,50.048625794000145],[6.10725467900005,50.044595032000046],[6.113765910000012,50.036378480000025],[6.119967081000084,50.015501200000045],[6.117176554000139,50.00439076800012],[6.12151737500011,49.99627756800004],[6.138777303000097,49.979327698000105],[6.153970174000051,49.95121571900009],[6.161928345000092,49.94248240200011],[6.172677043000107,49.95622833300004],[6.18983361800008,49.938296611000084],[6.222699829000106,49.88713694300006],[6.238306111000043,49.8769050090001],[6.27220585200007,49.86713816400004],[6.286778605000109,49.86104034500008],[6.291532837000119,49.8555626430001],[6.295567891972382,49.848615691930405],[6.295202670966518,49.848585516908],[6.277064242820558,49.84708690014034],[6.269622836724523,49.84496816754688],[6.263886752971302,49.84109243396864],[6.257995639587079,49.83279836715084],[6.256135287613461,49.828095812171995],[6.258305697949623,49.82388418180949],[6.261561313903513,49.82217886036608],[6.266832309663357,49.82003428845161],[6.266677280032468,49.81569346777928],[6.265902133676548,49.81220530872798],[6.246316765606281,49.79055288310903],[6.214535759617632,49.799906318022124],[6.193865186828901,49.812412014302964],[6.184718459289428,49.819388333304914],[6.157278273073814,49.823832505865454],[6.147356398279186,49.823599961868666],[6.113818394003658,49.81757965817471],[6.104516635934004,49.8191041124648],[6.095524937126157,49.82189464042534],[6.081055536084108,49.828095812171995],[6.069428338047373,49.82972361924959],[6.059816521615176,49.829620266462086],[6.043073358348863,49.824452623489805],[6.033771600279124,49.81716624612531],[6.031601189942961,49.813006293505595],[6.02912072124434,49.806314195343845],[6.018682081612809,49.79737417337935],[6.013721144215481,49.79032034001165],[6.001318799822769,49.78125112593875],[5.999303420016872,49.77541168939794],[5.998683302392521,49.76125234581909],[5.99511762897535,49.750400295936885],[5.993722364995193,49.73944489236786],[5.994032424257,49.72885122310544],[5.959409214363774,49.72156484574103],[5.93429446811524,49.71365835255091],[5.919101596661335,49.71091950143381],[5.875951775953695,49.709989326346374],[5.856402763938235,49.705807450026924],[5.856003865000076,49.70807810500011],[5.850216105000101,49.71402089400004],[5.843704874000139,49.71433095400002],[5.837296997000095,49.71293569000005],[5.831715942000073,49.71360748300003],[5.825721476000041,49.71577789400001],[5.81176884000007,49.718516745000045],[5.805360961000105,49.72187571300006],[5.805774373000133,49.724201152],[5.803603963000029,49.73815378900008],[5.802053670000106,49.742856344000074],[5.7784892170001,49.77303538000007],[5.771874634000113,49.7793915820001],[5.759162231000062,49.78445587200008],[5.748413533000132,49.785644430000104],[5.73828495300009,49.78884836800006],[5.727742960000114,49.80021718400005],[5.721645142000057,49.81277455700007],[5.720198202000063,49.82471181300011],[5.724642374000069,49.83427195300001],[5.73652795400011,49.839439596],[5.726916137000103,49.845227357000084],[5.728673136000083,49.84884470700007],[5.730533488000077,49.8511701460001],[5.731980428000071,49.85416738],[5.731877075000057,49.85995513900008],[5.758128702000079,49.858198141000116],[5.748826945000047,49.86729319300008],[5.726709432000035,49.87819692000005],[5.714927205000038,49.88186594600003],[5.718957967000051,49.89137441000011],[5.75358117600004,49.93018341100006],[5.757611939000128,49.936539612000104],[5.759989054000073,49.94160390200008],[5.7637097570001,49.94682322200009],[5.771564575000127,49.95354115800012],[5.778592570000058,49.956590067000036],[5.793372029000068,49.95881215500006],[5.801640258000106,49.96382476800011],[5.812595662000092,49.97757070000006],[5.808564901000096,49.983100078000035],[5.801536906000081,49.98868113300006],[5.802673787000089,50.0024787400001],[5.808874959000065,50.00780141200005],[5.829132121000072,50.01358917300013],[5.836366821000126,50.018550110000064],[5.838847290000103,50.02645660400003],[5.838847290000103,50.03586171500007],[5.837710408000106,50.04743723600012],[5.843704874000139,50.05363840800001],[5.858277628000081,50.06180328400012],[5.864375447000043,50.06748769100008],[5.866855916000105,50.07430898100003],[5.868819621000057,50.09053538100005],[5.872436971000127,50.09689158100005],[5.888973429000117,50.1066067510001],[5.926180461000058,50.11833730100008],[5.941063273000083,50.128310852000084],[5.949021444000067,50.14267690000011],[5.953155558000077,50.156371155000016],[5.961630493000087,50.16562123600005],[5.982921183000144,50.16706817700003],[5.998320760000041,50.174974671000086],[6.004728638000074,50.170478821000046],[6.008035929000073,50.160918681000055],[6.014133749000052,50.15358062800007],[6.022966605812229,50.15082036018575]]]}},{"type":"Feature","properties":{"adm1_code":"LUX-907","diss_me":907,"iso_3166_2":"LU-G","wikipedia":null,"iso_a2":"LU","adm0_sr":1,"name":"Grevenmacher","name_alt":"Gréivemaacher","name_local":null,"type":"District","type_en":"District","code_local":null,"code_hasc":"LU.GR","note":null,"hasc_maybe":null,"region":null,"region_cod":null,"provnum_ne":1,"gadm_level":1,"check_me":20,"scalerank":9,"datarank":8,"abbrev":null,"postal":"GR","area_sqkm":0,"sameascity":9,"labelrank":9,"featurecla":"Admin-1 scale rank","name_len":12,"mapcolor9":3,"mapcolor13":7,"fips":"LU02","fips_alt":null,"woe_id":20070559,"woe_label":"Grevenmacher, LU, Luxembourg","woe_name":"Grevenmacher","latitude":49.6474,"longitude":6.33835,"sov_a3":"LUX","adm0_a3":"LUX","adm0_label":5,"admin":"Luxembourg","geonunit":"Luxembourg","gu_a3":"LUX","gn_id":2960513,"gn_name":"District de Grevenmacher","gns_id":-1735992,"gns_name":"Grevenmacher, District de","gn_level":1,"gn_region":null,"gn_a1_code":"LU.02","region_sub":null,"sub_code":null,"gns_level":1,"gns_lang":"zho","gns_adm1":"LU02","gns_region":null,"min_label":8.7,"max_label":11,"min_zoom":8.7},"geometry":{"type":"Polygon","coordinates":[[[6.310653116000111,49.83447865900007],[6.325639282000083,49.84036977200006],[6.33442427500006,49.840214742000114],[6.351374145000079,49.833290100000056],[6.380106242000068,49.81556508400013],[6.397056111000097,49.80858876600013],[6.414522746000046,49.80548818000008],[6.462478475000069,49.80548818000008],[6.493277629000119,49.799597066000075],[6.4972050370001,49.79944203800005],[6.502579387000139,49.79566965800012],[6.502269327000079,49.795876363000076],[6.500098918000077,49.7944811000001],[6.499995564000045,49.786057841000115],[6.498548624000051,49.785386048000106],[6.493794392000069,49.76363026900003],[6.493691040000044,49.756550598000075],[6.49637821400006,49.75210642500008],[6.495964803000049,49.74823069300004],[6.486249634000018,49.74270131500003],[6.485526163000117,49.73376129200008],[6.487799926000122,49.72559641600009],[6.492554158000132,49.71841339100013],[6.499685506000077,49.71221221900004],[6.49100386500001,49.714434306000044],[6.486352986000043,49.71293569000005],[6.482942342000115,49.70807810500011],[6.489763631000073,49.70296213800003],[6.49172733600011,49.70079172800004],[6.418243449000045,49.66988922200005],[6.402740519000133,49.655781555],[6.404497518000113,49.652474264],[6.410905396000146,49.649632060000044],[6.417003215000108,49.64575632700007],[6.417933390000144,49.639141745000074],[6.415246216000128,49.63464589400007],[6.407701457000087,49.6274111940001],[6.397572876000112,49.613871969000115],[6.371527954000044,49.59299469000004],[6.356438435000143,49.57759511300006],[6.350754028000097,49.56658803400006],[6.350754028000097,49.53491038100006],[6.348808550137306,49.52528975515904],[6.342279094000105,49.49300079400007],[6.345379679000132,49.46271840400004],[6.345307071000093,49.45534865200011],[6.325329224000086,49.45672393800004],[6.298767538000078,49.46623240200012],[6.251116524853927,49.489459778223136],[6.247091911962173,49.50612580056523],[6.234844598099727,49.54002554004663],[6.233914422112917,49.553564765101754],[6.240890741114868,49.56203969997219],[6.273033481410039,49.58234853845428],[6.280629917136991,49.58493235904112],[6.298768345282951,49.58754201894894],[6.301248813981573,49.59361400038577],[6.299543490739467,49.59841990815221],[6.294427523711249,49.602243963987746],[6.289001499219836,49.605499579042345],[6.285125767440235,49.60911693020222],[6.287141147246132,49.612630926775836],[6.291171908656622,49.61588654183046],[6.31215254070716,49.62722951902708],[6.295047642234891,49.64797760708083],[6.285590855433583,49.67433258677946],[6.278304478069202,49.68022370106297],[6.264816928958112,49.686269843178735],[6.251122674271983,49.68875031187736],[6.174641553964591,49.68999054622671],[6.220116814639312,49.73691274682582],[6.22833336799053,49.74187368422315],[6.241045769846409,49.74709300403896],[6.24802208794901,49.74626618083954],[6.262956576984493,49.74667959198956],[6.274583774121936,49.770089015895365],[6.272568394315954,49.77306041100917],[6.266987339294275,49.77706533489723],[6.262181430628488,49.77908071650185],[6.246316765606281,49.79055288310903],[6.265902133676548,49.81220530872798],[6.266677280032468,49.81569346777928],[6.266832309663357,49.82003428845161],[6.261561313903513,49.82217886036608],[6.258305697949623,49.82388418180949],[6.256135287613461,49.828095812171995],[6.257995639587079,49.83279836715084],[6.263886752971302,49.84109243396864],[6.269622836724523,49.84496816754688],[6.277064242820558,49.84708690014034],[6.295202670966518,49.848585516908],[6.295567891972382,49.848615691930405],[6.301558065000052,49.83830271400009],[6.30259159400012,49.834943747000096],[6.310653116000111,49.83447865900007]]]}},{"type":"Feature","properties":{"adm1_code":"LUX-908","diss_me":908,"iso_3166_2":"LU-L","wikipedia":null,"iso_a2":"LU","adm0_sr":1,"name":"Luxembourg","name_alt":"Lëtzebuerg|Luxemburg","name_local":null,"type":"District","type_en":"District","code_local":null,"code_hasc":"LU.LU","note":null,"hasc_maybe":null,"region":null,"region_cod":null,"provnum_ne":2,"gadm_level":1,"check_me":20,"scalerank":9,"datarank":8,"abbrev":null,"postal":"LU","area_sqkm":0,"sameascity":9,"labelrank":9,"featurecla":"Admin-1 scale rank","name_len":10,"mapcolor9":3,"mapcolor13":7,"fips":"LU03","fips_alt":null,"woe_id":20070560,"woe_label":"Luxemburg, LU, Luxembourg","woe_name":"Luxembourg","latitude":49.6376,"longitude":6.05114,"sov_a3":"LUX","adm0_a3":"LUX","adm0_label":5,"admin":"Luxembourg","geonunit":"Luxembourg","gu_a3":"LUX","gn_id":2960314,"gn_name":"District de Luxembourg","gns_id":-1736193,"gns_name":"Luxembourg, District de","gn_level":1,"gn_region":null,"gn_a1_code":"LU.03","region_sub":null,"sub_code":null,"gns_level":1,"gns_lang":"zho","gns_adm1":"LU03","gns_region":null,"min_label":8.7,"max_label":11,"min_zoom":8.7},"geometry":{"type":"Polygon","coordinates":[[[6.113818394003658,49.81757965817471],[6.147356398279186,49.823599961868666],[6.157278273073814,49.823832505865454],[6.184718459289428,49.819388333304914],[6.193865186828901,49.812412014302964],[6.214535759617632,49.799906318022124],[6.246316765606281,49.79055288310903],[6.262181430628488,49.77908071650185],[6.266987339294275,49.77706533489723],[6.272568394315954,49.77306041100917],[6.274583774121936,49.770089015895365],[6.262956576984493,49.74667959198956],[6.24802208794901,49.74626618083954],[6.241045769846409,49.74709300403896],[6.22833336799053,49.74187368422315],[6.220116814639312,49.73691274682582],[6.174641553964591,49.68999054622671],[6.251122674271983,49.68875031187736],[6.264816928958112,49.686269843178735],[6.278304478069202,49.68022370106297],[6.285590855433583,49.67433258677946],[6.295047642234891,49.64797760708083],[6.31215254070716,49.62722951902708],[6.291171908656622,49.61588654183046],[6.287141147246132,49.612630926775836],[6.285125767440235,49.60911693020222],[6.289001499219836,49.605499579042345],[6.294427523711249,49.602243963987746],[6.299543490739467,49.59841990815221],[6.301248813981573,49.59361400038577],[6.298768345282951,49.58754201894894],[6.280629917136991,49.58493235904112],[6.273033481410039,49.58234853845428],[6.240890741114868,49.56203969997219],[6.233914422112917,49.553564765101754],[6.234844598099727,49.54002554004663],[6.247091911962173,49.50612580056523],[6.251116524853927,49.489459778223136],[6.249364868000072,49.49031361900006],[6.221976359000109,49.49744496700009],[6.193554321000079,49.49940867200013],[6.136090129000081,49.49527455600008],[6.142601359000139,49.486076152000095],[6.11438602700008,49.484370830000046],[6.10725467900005,49.48251047800002],[6.1019836830001,49.47641265900006],[6.102087036000057,49.47000478100003],[6.099813273000109,49.464630432000064],[6.087720988000029,49.46163319900006],[6.078005819000083,49.452021383000044],[6.063329711000108,49.448455710000076],[5.978063599000052,49.44509674100007],[5.960700317000118,49.441324362000046],[5.946954386000101,49.469953105000116],[5.928144165000077,49.48230377200008],[5.928142701541759,49.48230399965743],[5.864685506000029,49.49217397100006],[5.8395707600001,49.49987376000004],[5.822104126000056,49.51051910500004],[5.790684855000023,49.537752585000135],[5.814456014000086,49.545142314000145],[5.837400350000109,49.561110332000084],[5.846908813000113,49.576716614000134],[5.829958944000083,49.58276275600008],[5.841224406000066,49.58968739800005],[5.849182577000107,49.59971262600007],[5.861998331000109,49.62276031600004],[5.86995650200015,49.62885813500009],[5.879878377000068,49.634852601000034],[5.88545943200009,49.64353424100008],[5.879878377000068,49.65774526000004],[5.872643676000081,49.66172434500004],[5.852593221000063,49.663222962000134],[5.845771932000105,49.666581930000035],[5.842257934000145,49.67391998300013],[5.843704874000139,49.677485657],[5.846702108000045,49.680689596000065],[5.847218872000099,49.68720082700014],[5.848769165000107,49.69273020500006],[5.853626749000028,49.696295878000114],[5.857347453000045,49.70042999300006],[5.856402763938235,49.705807450026924],[5.875951775953695,49.709989326346374],[5.919101596661335,49.71091950143381],[5.93429446811524,49.71365835255091],[5.959409214363774,49.72156484574103],[5.994032424257,49.72885122310544],[5.993722364995193,49.73944489236786],[5.99511762897535,49.750400295936885],[5.998683302392521,49.76125234581909],[5.999303420016872,49.77541168939794],[6.001318799822769,49.78125112593875],[6.013721144215481,49.79032034001165],[6.018682081612809,49.79737417337935],[6.02912072124434,49.806314195343845],[6.031601189942961,49.813006293505595],[6.033771600279124,49.81716624612531],[6.043073358348863,49.824452623489805],[6.059816521615176,49.829620266462086],[6.069428338047373,49.82972361924959],[6.081055536084108,49.828095812171995],[6.095524937126157,49.82189464042534],[6.104516635934004,49.8191041124648],[6.113818394003658,49.81757965817471]]]}},{"type":"Feature","properties":{"adm1_code":"NLD-3483","diss_me":3483,"iso_3166_2":"NL-NB","wikipedia":null,"iso_a2":"NL","adm0_sr":1,"name":"Noord-Brabant","name_alt":"Brabante del Norte|Brabante do Norte|Brabante settentrionale|Brabant-septentrional|Nord-Brabant|Nort","name_local":null,"type":"Provincie","type_en":"Province","code_local":null,"code_hasc":"NL.NB","note":null,"hasc_maybe":null,"region":null,"region_cod":null,"provnum_ne":0,"gadm_level":1,"check_me":20,"scalerank":8,"datarank":8,"abbrev":null,"postal":null,"area_sqkm":0,"sameascity":-99,"labelrank":8,"featurecla":"Admin-1 scale rank","name_len":13,"mapcolor9":2,"mapcolor13":9,"fips":"NL06","fips_alt":null,"woe_id":2346378,"woe_label":"North Brabant, NL, Netherlands","woe_name":"Noord-Brabant","latitude":51.6008,"longitude":5.16122,"sov_a3":"NL1","adm0_a3":"NLD","adm0_label":6,"admin":"Netherlands","geonunit":null,"gu_a3":"NLD","gn_id":2749990,"gn_name":"Provincie Noord-Brabant","gns_id":-2150301,"gns_name":"Noord-Brabant, Provincie","gn_level":1,"gn_region":null,"gn_a1_code":"NL.06","region_sub":null,"sub_code":null,"gns_level":1,"gns_lang":"fra","gns_adm1":"NL06","gns_region":null,"min_label":8,"max_label":11,"min_zoom":8},"geometry":{"type":"Polygon","coordinates":[[[5.534577264329357,51.82391714156279],[5.598501010613091,51.83001496052199],[5.643201124932006,51.823813787875935],[5.648937208685226,51.819472968102986],[5.661287876234525,51.800197659294525],[5.670796339879246,51.79585683952146],[5.690123324631742,51.79270457635516],[5.759938185199104,51.762577215865775],[5.86277428610444,51.759373276755326],[5.882721387581938,51.75327545779612],[5.87967247900167,51.741234850408006],[5.88819908981614,51.72898753474692],[5.904167107625938,51.72273468705609],[5.944526401272412,51.72015086556999],[5.959977655144684,51.71239940021215],[5.973310173725508,51.676329251293936],[5.988916457228697,51.66552887645645],[5.982250196589263,51.65586538408019],[5.987211133986676,51.65074941705194],[5.997288039311627,51.646925361216404],[6.006279738119446,51.64129263025066],[6.026020134921282,51.620673733405994],[6.027105339639718,51.617108059089674],[6.031291130681126,51.61271556337255],[6.043538446342239,51.58294993808914],[6.049481234771235,51.57452667916289],[6.049274530095545,51.56646515634185],[6.033771600279124,51.557886867784674],[6.009380324442446,51.56837718425962],[5.999613478379331,51.56997915291558],[5.950572544287468,51.559437161395834],[5.923597446065315,51.5566466343347],[5.911815220196218,51.55674998622288],[5.873626335986643,51.56481150994318],[5.837762891744035,51.56703359622341],[5.853265821560456,51.50409170187055],[5.875951775953695,51.44683421532676],[5.910109896954225,51.41732697246184],[5.934449496846867,51.384874172904745],[5.898120964610797,51.36611562803381],[5.8750215999668,51.354075018847055],[5.844119093121719,51.34911408144973],[5.773063999104295,51.334954738770136],[5.675757277276489,51.31635122353009],[5.654518262807642,51.299142971371055],[5.647696974335872,51.29232168199999],[5.630023634183374,51.27268463798558],[5.620980259431377,51.23904328092266],[5.615399204409783,51.23196360913323],[5.60842288630721,51.227054348579344],[5.600981480211175,51.22498729103066],[5.592299838866438,51.225504054968155],[5.568373651023194,51.22095652872085],[5.551630486857505,51.21682241542206],[5.551406597018484,51.2167671340481],[5.545531860000011,51.219923808],[5.542327921000037,51.242661439000074],[5.535196573000093,51.262040100000036],[5.516696411000083,51.277232972000064],[5.493235311000092,51.286534729000095],[5.471634562000133,51.28808502300012],[5.451894165000084,51.2821163940001],[5.409932901000076,51.263538717000046],[5.389055623000104,51.25870697100004],[5.270716593000145,51.26183339500008],[5.239455934072112,51.25693018209114],[5.232992798000083,51.255916443000075],[5.215422811000025,51.25873280800005],[5.214906047000085,51.29433787000002],[5.197336059000094,51.308342183000036],[5.178835897000084,51.30950490300003],[5.140181926000082,51.30738617000006],[5.122921997000077,51.31338063600009],[5.118064412000081,51.31991770500008],[5.107832479000081,51.341983541000076],[5.102561483000073,51.350665182000114],[5.068144979000095,51.374539694000106],[5.061737101000062,51.38425486300014],[5.065251099000108,51.40590728800004],[5.076413208000048,51.42190114400009],[5.079927205000104,51.43854095500009],[5.060290161000069,51.46197621700006],[5.030317831000048,51.474430237000064],[5.027527303000085,51.47680735300008],[5.012127727000092,51.47432688400002],[5.00613326000007,51.468306580000075],[5.002722616000113,51.459004822000054],[4.995797973000066,51.446705831000116],[4.980191691000101,51.43053110800011],[4.957144002000064,51.410997416000015],[4.931925903000092,51.39562367800005],[4.910325154000134,51.39190297500002],[4.871671183000018,51.40303924600005],[4.853274373000119,51.40613983200009],[4.783304484000013,51.407638448000114],[4.762117146000151,51.41337453200006],[4.767801554000101,51.42538930300012],[4.779067016000056,51.4264228320001],[4.822681925000012,51.41368459100005],[4.815447224000138,51.43107371100007],[4.819891398000067,51.44621490500009],[4.826092570000128,51.46055511500009],[4.823922159000062,51.47564463300009],[4.813586873000133,51.484119569000086],[4.796843709000086,51.49101837200007],[4.778653605000045,51.49535919200014],[4.764184204000117,51.49623769100009],[4.731214641000065,51.48561818500008],[4.653906697000053,51.42621612600004],[4.643571411000039,51.421410217000044],[4.630135539000094,51.41820627900009],[4.614632609000097,51.417560323],[4.582696573000106,51.42259877600006],[4.553861125000083,51.41929148400007],[4.540631958000091,51.42006663000009],[4.521511678000081,51.42864491800003],[4.523372029000086,51.43841176400008],[4.531846964000096,51.45086578400014],[4.533190551000047,51.46758311000008],[4.52523238100008,51.475928854000074],[4.512623331000071,51.47737579400007],[4.483064412000118,51.47432688400002],[4.429424275000059,51.46197621700006],[4.37712772600014,51.442881775000075],[4.389220011000134,51.43458770800004],[4.387152954000072,51.42745636000009],[4.3806417240001,51.41965321900008],[4.379918253000113,51.40952463800011],[4.387669719000115,51.40053293900007],[4.410097290000095,51.38378977500011],[4.416195109000057,51.373971253000065],[4.411234171000018,51.35673716200009],[4.392217244000051,51.35040679900007],[4.345605103000082,51.35229299000008],[4.326278117000129,51.35642710400009],[4.290104614000114,51.368751933000055],[4.281124221902758,51.36894651018659],[4.281062046276446,51.369319566245],[4.279821811927093,51.376760973240295],[4.276101107979741,51.3831171737186],[4.266644321178546,51.38812978795934],[4.262768589398945,51.40745677271187],[4.262148471774566,51.41887726517362],[4.264008822848922,51.42192617555256],[4.265094027567358,51.42528514339466],[4.268659701883792,51.42931590390589],[4.264163853379102,51.443992011422154],[4.263850897400999,51.4443943833941],[4.263844051781547,51.44440318494114],[4.263845248000052,51.444403387000136],[4.283213738000086,51.44769928600007],[4.296722852000045,51.47052643400008],[4.288584832000112,51.49213288000007],[4.267751498000052,51.50828685100004],[4.239756707000112,51.518500067000076],[4.230479363016144,51.519558010197045],[4.242614779648363,51.53933502938807],[4.243855014897008,51.5433657898993],[4.244010043628634,51.555303046298576],[4.237033726425324,51.567963772210334],[4.233778109572057,51.57090932890239],[4.207526482661024,51.589564520985846],[4.206845855951457,51.59050983615998],[4.206811880933287,51.590557023628065],[4.20687910200013,51.59052155200001],[4.207286004000139,51.59027741100007],[4.202647332000112,51.60911692900001],[4.189952019000145,51.61668528900006],[4.186127148874533,51.61680735903619],[4.197373152948671,51.63715488998619],[4.197784305001676,51.637891923973115],[4.238928665425533,51.646062019246756],[4.28015564206919,51.64823186031208],[4.333678383550534,51.65691122457332],[4.372735520028243,51.67354666974299],[4.403113292244711,51.70826412498934],[4.506542374630953,51.69524507949674],[4.544876231353015,51.69596836015168],[4.579593684800756,51.702477882448335],[4.620820662343675,51.71477364728602],[4.643965630709289,51.71911332941664],[4.675553647582774,51.71937350418389],[4.725634393112728,51.75689280895597],[4.739948765423151,51.77441111947758],[4.761756218874353,51.789035550150516],[4.790384962595908,51.80267812799323],[4.845472038803621,51.803194891930644],[4.870328402633675,51.808104153383994],[4.908982374836796,51.82991160683514],[4.934768913754368,51.83016999015288],[4.985566847032374,51.823813787875935],[5.009286330200013,51.82520905185629],[5.010061475656642,51.8195246449464],[5.012076857261178,51.8114631212261],[5.027786492652581,51.8008177760195],[5.064993524031905,51.783092759922965],[5.08922977113707,51.78257599508606],[5.10039188028108,51.78479808226567],[5.13734052924201,51.76924347650518],[5.137185499611121,51.753120429064495],[5.126023389567735,51.73673900010476],[5.134911737386744,51.734826972186994],[5.317949659848978,51.74743602215469],[5.337018263082371,51.753378811482975],[5.354639927290833,51.762577215865775],[5.367507357878253,51.77539297140845],[5.372571648962435,51.792136135574225],[5.381098259776905,51.81161814995764],[5.401045363053072,51.81823273375363],[5.441456332643583,51.816372381779985],[5.461971876700773,51.82107493855759],[5.481557243871663,51.830221666096946],[5.5008325535795,51.83502757386344],[5.520004509600454,51.82691437419899],[5.534577264329357,51.82391714156279]]]}},{"type":"Feature","properties":{"adm1_code":"NLD-3484","diss_me":3484,"iso_3166_2":"NL-UT","wikipedia":null,"iso_a2":"NL","adm0_sr":1,"name":"Utrecht","name_alt":null,"name_local":null,"type":"Provincie","type_en":"Province","code_local":null,"code_hasc":"NL.UT","note":null,"hasc_maybe":null,"region":null,"region_cod":null,"provnum_ne":0,"gadm_level":1,"check_me":20,"scalerank":8,"datarank":8,"abbrev":null,"postal":null,"area_sqkm":0,"sameascity":9,"labelrank":9,"featurecla":"Admin-1 scale rank","name_len":7,"mapcolor9":2,"mapcolor13":9,"fips":"NL09","fips_alt":null,"woe_id":2346381,"woe_label":"Utrecht, NL, Netherlands","woe_name":"Utrecht","latitude":52.0749,"longitude":5.1938,"sov_a3":"NL1","adm0_a3":"NLD","adm0_label":6,"admin":"Netherlands","geonunit":null,"gu_a3":"NLD","gn_id":2745909,"gn_name":"Provincie Utrecht","gns_id":-2154385,"gns_name":"Utrecht, Provincie","gn_level":1,"gn_region":null,"gn_a1_code":"NL.09","region_sub":null,"sub_code":null,"gns_level":1,"gns_lang":"fra","gns_adm1":"NL09","gns_region":null,"min_label":8,"max_label":11,"min_zoom":8},"geometry":{"type":"Polygon","coordinates":[[[5.009131299669747,52.277171128844486],[5.025306023953874,52.281563626360224],[5.065768670387826,52.27923818639317],[5.035227898748502,52.27184845624129],[5.030421990982092,52.26714590126235],[5.03383263476826,52.26270172780252],[5.03538292837942,52.25965281832288],[5.036468133097856,52.25593211527482],[5.038018425809753,52.25376170493874],[5.040188836145916,52.25231476501443],[5.042979364106372,52.25138458902754],[5.046390007892512,52.24947256110974],[5.048715447859593,52.24766388597956],[5.050730827665575,52.245751858061794],[5.053366326894462,52.24352977178157],[5.058172234660873,52.23738027597895],[5.041584100126101,52.22482290285467],[5.034022373733592,52.204514654327824],[5.03994866230093,52.18927562876729],[5.045028337188057,52.168110315538655],[5.071273325303707,52.171496764863804],[5.089052189207194,52.17657644154957],[5.126798536823003,52.18089793579105],[5.182350701923383,52.17903758381743],[5.202039421881835,52.18740916590028],[5.209325799246244,52.19650421839495],[5.216302118248194,52.206994533970544],[5.221883172370525,52.21443594006658],[5.225293817056041,52.2261664899915],[5.245654330582852,52.25717235052355],[5.263792758728783,52.27587921855107],[5.268288608132764,52.27748118810629],[5.276195103121523,52.279341539180734],[5.332193057663517,52.279386409055576],[5.366119229119107,52.283151138414325],[5.406593644081454,52.268239511943904],[5.408921681290593,52.267722169742314],[5.408750149100086,52.26716125898491],[5.402847834659866,52.24786066753575],[5.39923668792278,52.23076569308225],[5.3969112479557,52.21986196635663],[5.402492302977379,52.21402252891656],[5.438665805582446,52.19593577671475],[5.436650424877172,52.18611725470757],[5.433239780191656,52.181983141408864],[5.426728550082544,52.178727525454974],[5.424868198108896,52.177383938318144],[5.424093051753005,52.175420234456226],[5.430139193868683,52.168598945085165],[5.453858677036322,52.163793037318754],[5.474529249825025,52.16089915657085],[5.481505567927627,52.15754018782937],[5.490342238003819,52.14942698816492],[5.494373000313715,52.1470498722538],[5.502434523134724,52.143897609986766],[5.510185987593218,52.1385232614393],[5.512821485922842,52.136249498315664],[5.512666457191301,52.13273550084267],[5.507705518894596,52.12674103557032],[5.507860549424777,52.12002309808747],[5.508790723613032,52.11650910151377],[5.508790723613032,52.11459707269671],[5.508480666149865,52.11346019113492],[5.497628615368313,52.11397695597171],[5.489877150010471,52.10384837470272],[5.483986036626334,52.093099676708675],[5.481040479934165,52.08979238481072],[5.476234572167755,52.08633006418114],[5.468638136440887,52.08229930277062],[5.470188429152699,52.08012889333375],[5.472203809857973,52.07837189414761],[5.50010908406702,52.0697936064897],[5.509255811606408,52.07180898719494],[5.519694452137202,52.07687327737986],[5.523105095923455,52.07764842373575],[5.527135858233237,52.07785513021008],[5.531166618744464,52.07950877481011],[5.535042352322733,52.08229930277062],[5.539228143364141,52.08715688738047],[5.540623407344412,52.0910842960034],[5.541243524069387,52.09506338236923],[5.536902703397061,52.10245311072248],[5.553335809200206,52.10483022753297],[5.561862420014677,52.08457306589429],[5.562792596001515,52.0791470405035],[5.56480797670676,52.0733076039628],[5.563412712726489,52.0493814152201],[5.572249382802795,52.01904735005513],[5.584858432770488,52.00509471295058],[5.605477328715779,51.99134878232039],[5.612298618086811,51.98235708351257],[5.616484409128248,51.97780955726526],[5.618344761101866,51.973830470899514],[5.619740024182761,51.96866282792715],[5.619274937088676,51.95295319343512],[5.615709262772327,51.94825063755681],[5.582119581653387,51.95331492774173],[5.505070020564972,51.9819953483067],[5.461971876700773,51.98762807927244],[5.449466180419932,51.98550934488031],[5.429674105875307,51.976724352546825],[5.420372348704944,51.97398550142972],[5.409055209930017,51.97429555889289],[5.382803582119635,51.980186673176405],[5.360634392563156,51.97703441000999],[5.331230503385086,51.963030096961404],[5.310508253752943,51.959722805063365],[5.254335971927588,51.97904979071524],[5.239453158836255,51.977086086853404],[5.221418084377149,51.968456122352165],[5.197388542846966,51.96561391934688],[5.182557406599045,51.966854152796856],[5.172945591066139,51.967784328783665],[5.154083693407699,51.97398550142972],[5.144678581651192,51.9812202010514],[5.130880975076963,51.996051337299406],[5.118685337158553,52.001942451582835],[5.104887729684947,52.003802801757814],[5.095585971615293,52.00090892190917],[5.086749302438363,51.99667145402432],[5.06390831931347,51.99279572224472],[5.055019972393836,51.98855825525925],[5.040498895407666,51.977086086853404],[5.030421990982092,51.9743472357363],[4.988977491717804,51.980186673176405],[4.98691043506858,51.97863638046459],[4.954819369818097,51.967164212058776],[4.926759066877423,51.94928416633121],[4.91668216335114,51.94670034394565],[4.893996208957873,51.94752716714507],[4.887329950117106,51.941170965767384],[4.865315789292282,51.962048245030445],[4.833328077728652,51.987318020010605],[4.824336378920719,51.99682648455459],[4.827591993975346,51.99982371719082],[4.834103224084544,52.0011156283835],[4.841389601448952,52.00323436097696],[4.854011384018122,52.00810054580353],[4.849566668267101,52.02016477478449],[4.80384959068607,52.01635501906887],[4.799404874935078,52.02270461312733],[4.831152845227592,52.052547704213225],[4.870520327850898,52.064611933194186],[4.87771813278556,52.07139557604492],[4.832528591221518,52.071596486388756],[4.81982940310445,52.10884743795887],[4.804647658062976,52.11227163452827],[4.790850049690079,52.11971303972496],[4.796896192705105,52.123898830766365],[4.820770704604399,52.13950511337026],[4.825576613270073,52.14048696620051],[4.831002637761571,52.14121043571299],[4.834258253715461,52.139711818945244],[4.837668898400892,52.13872996701437],[4.842629835798306,52.138006497501806],[4.859114618444892,52.13314891199269],[4.863300408586952,52.13387238240452],[4.8654708189232,52.13557770384787],[4.865625847654741,52.138006497501806],[4.864075554942929,52.141365465343995],[4.857719353565329,52.15237254485709],[4.853688592154839,52.16343130121359],[4.862680290962658,52.167978828360276],[4.81394941613263,52.193713691333784],[4.791935256207069,52.19908803988113],[4.785837437247892,52.20280874292911],[4.780876498951272,52.20714956270217],[4.767854037833558,52.22120555349346],[4.814414504126091,52.229628811520456],[4.83456831207792,52.23598501199868],[4.849657829844944,52.24559682933014],[4.871516961038964,52.25221141222684],[4.911256137960351,52.25562205691239],[4.925208774165611,52.272003485872176],[4.928464390119501,52.27376048415897],[4.933115269154371,52.27546580740113],[4.942417026324648,52.27500071940767],[4.961537306401567,52.27706777605698],[4.986341994287642,52.285491034983266],[4.993628370752674,52.285439358139826],[4.999674512868438,52.28394074227137],[5.004480422433517,52.281563626360224],[5.009131299669747,52.277171128844486]]]}},{"type":"Feature","properties":{"adm1_code":"NLD-3485","diss_me":3485,"iso_3166_2":"NL-ZH","wikipedia":null,"iso_a2":"NL","adm0_sr":1,"name":"Zuid-Holland","name_alt":"Hollande-méridionale|South Holland","name_local":null,"type":"Provincie","type_en":"Province","code_local":null,"code_hasc":"NL.ZH","note":null,"hasc_maybe":null,"region":null,"region_cod":null,"provnum_ne":0,"gadm_level":1,"check_me":20,"scalerank":8,"datarank":8,"abbrev":null,"postal":null,"area_sqkm":0,"sameascity":-99,"labelrank":8,"featurecla":"Admin-1 scale rank","name_len":12,"mapcolor9":2,"mapcolor13":9,"fips":"NL11","fips_alt":null,"woe_id":2346383,"woe_label":"South Holland, NL, Netherlands","woe_name":"Zuid-Holland","latitude":52.0075,"longitude":4.52252,"sov_a3":"NL1","adm0_a3":"NLD","adm0_label":6,"admin":"Netherlands","geonunit":null,"gu_a3":"NLD","gn_id":2743698,"gn_name":"Provincie Zuid-Holland","gns_id":-2156600,"gns_name":"Zuid-Holland, Provincie","gn_level":1,"gn_region":null,"gn_a1_code":"NL.11","region_sub":null,"sub_code":null,"gns_level":1,"gns_lang":"fra","gns_adm1":"NL11","gns_region":null,"min_label":8,"max_label":11,"min_zoom":8},"geometry":{"type":"Polygon","coordinates":[[[4.566470980751205,52.31008901639501],[4.587244907226676,52.31675527613504],[4.609724155145614,52.313447984237],[4.56771121599985,52.27050486910443],[4.566315952019579,52.26807607724916],[4.565075717670226,52.2637352574761],[4.564145541683416,52.25438182256312],[4.559287957073565,52.24089427345194],[4.546730583949312,52.227768460446015],[4.548125847929555,52.22037873029413],[4.559442986704482,52.220895494231655],[4.569261508711634,52.21505605679155],[4.574067417377421,52.21360911686725],[4.580888705849105,52.21283397141062],[4.605538364104262,52.213195705717226],[4.648223096818441,52.2202237015625],[4.669462111287373,52.226476549253334],[4.71028649292731,52.234589748917784],[4.715402459056264,52.232471015425034],[4.717882927754886,52.23097239775791],[4.722223748427211,52.21624461519676],[4.725634393112728,52.21149038427387],[4.736228062375176,52.20828644516331],[4.767854037833558,52.22120555349346],[4.780876498951272,52.20714956270217],[4.785837437247892,52.20280874292911],[4.791935256207069,52.19908803988113],[4.81394941613263,52.193713691333784],[4.862680290962658,52.167978828360276],[4.853688592154839,52.16343130121359],[4.857719353565329,52.15237254485709],[4.864075554942929,52.141365465343995],[4.865625847654741,52.138006497501806],[4.8654708189232,52.13557770384787],[4.863300408586952,52.13387238240452],[4.859114618444892,52.13314891199269],[4.842629835798306,52.138006497501806],[4.837668898400892,52.13872996701437],[4.834258253715461,52.139711818945244],[4.831002637761571,52.14121043571299],[4.825576613270073,52.14048696620051],[4.820770704604399,52.13950511337026],[4.796896192705105,52.123898830766365],[4.790850049690079,52.11971303972496],[4.804647658062976,52.11227163452827],[4.81982940310445,52.10884743795887],[4.832528591221518,52.071596486388756],[4.87771813278556,52.07139557604492],[4.870520327850898,52.064611933194186],[4.831152845227592,52.052547704213225],[4.799404874935078,52.02270461312733],[4.80384959068607,52.01635501906887],[4.849566668267101,52.02016477478449],[4.854011384018122,52.00810054580353],[4.841389601448952,52.00323436097696],[4.834103224084544,52.0011156283835],[4.827591993975346,51.99982371719082],[4.824336378920719,51.99682648455459],[4.833328077728652,51.987318020010605],[4.865315789292282,51.962048245030445],[4.887329950117106,51.941170965767384],[4.893996208957873,51.94752716714507],[4.91668216335114,51.94670034394565],[4.926759066877423,51.94928416633121],[4.954819369818097,51.967164212058776],[4.98691043506858,51.97863638046459],[4.988977491717804,51.980186673176405],[5.030421990982092,51.9743472357363],[5.040498895407666,51.977086086853404],[5.055019972393836,51.98855825525925],[5.06390831931347,51.99279572224472],[5.086749302438363,51.99667145402432],[5.095585971615293,52.00090892190917],[5.104887729684947,52.003802801757814],[5.118685337158553,52.001942451582835],[5.130880975076963,51.996051337299406],[5.144678581651192,51.9812202010514],[5.154083693407699,51.97398550142972],[5.172945591066139,51.967784328783665],[5.182557406599045,51.966854152796856],[5.157649366824785,51.93522817643918],[5.152998487790001,51.93037059182936],[5.11791018990337,51.89150991495063],[5.119615513145362,51.88592885992895],[5.121475864219803,51.88143301052497],[5.121475864219803,51.87838410104541],[5.120545689132285,51.87621369070925],[5.110158726344167,51.87213125335461],[5.033367546774883,51.852029120447526],[5.004480422433517,51.85094391482983],[5.010836622911825,51.844897772714035],[5.010681593280907,51.842934067952854],[5.008046094951283,51.834872545131816],[5.009286330200013,51.82520905185629],[4.985566847032374,51.823813787875935],[4.934768913754368,51.83016999015288],[4.908982374836796,51.82991160683514],[4.870328402633675,51.808104153383994],[4.845472038803621,51.803194891930644],[4.790384962595908,51.80267812799323],[4.761756218874353,51.789035550150516],[4.739948765423151,51.77441111947758],[4.725634393112728,51.75689280895597],[4.675553647582774,51.71937350418389],[4.643965630709289,51.71911332941664],[4.620820662343675,51.71477364728602],[4.579593684800756,51.702477882448335],[4.544876231353015,51.69596836015168],[4.506542374630953,51.69524507949674],[4.403113292244711,51.70826412498934],[4.372735520028243,51.67354666974299],[4.333678383550534,51.65691122457332],[4.28015564206919,51.64823186031208],[4.238928665425533,51.646062019246756],[4.197784305001676,51.637891923973115],[4.196954970895234,51.63772724191864],[4.174425444578617,51.64326131905463],[4.15306084338323,51.65287786771941],[4.13065633632084,51.65830450015258],[4.113796791788559,51.649316591987144],[4.1110982599767,51.64713206679147],[4.110919029384718,51.64698697551327],[4.109873894000089,51.650864976000065],[4.109629754000139,51.662298895000106],[4.112640821000042,51.67080312700003],[4.125661655000044,51.6796328800001],[4.142914259000037,51.68414948100005],[4.176931186000076,51.68585846600004],[4.166351759000122,51.692694403000075],[4.141123894000145,51.70392487200007],[4.071543816000144,51.71718984600011],[4.057139519000089,51.73029205900008],[4.050791863000057,51.76349518400008],[4.033946160000056,51.78424713700008],[4.009776238000143,51.79791901200011],[3.981455925000091,51.81000397300002],[3.962575717000078,51.801214911000045],[3.93718509200005,51.79633209800008],[3.911387566000116,51.79637278900009],[3.891856316000144,51.79295482000006],[3.888194207000083,51.78888580900011],[3.88111412900011,51.788072007000096],[3.871592644000117,51.788275458000044],[3.862315300000091,51.816066799000026],[3.891368035000141,51.828273830000086],[3.95411217500012,51.84015534100004],[3.962657097000147,51.847357489000075],[3.982188347000118,51.84829336100006],[4.015635613000086,51.84357330900005],[4.043467644000145,51.83421458500001],[4.047618035000085,51.833685614000046],[4.055023634000094,51.83421458500001],[4.065440300000063,51.837103583000044],[4.07764733200014,51.84357330900005],[4.07007897200009,51.852728583000044],[4.044606967000078,51.87449778900009],[4.037852410000141,51.87791575700001],[4.032074415000096,51.882025458000044],[4.029795769000117,51.8882510440001],[4.031993035000113,51.8960635440001],[4.03663170700014,51.901556708000044],[4.041270379000053,51.905503648000035],[4.043467644000145,51.90867747600009],[4.040212436000104,51.92405833500004],[4.021169467000107,51.963324286000045],[4.010020379000082,51.980129299000055],[4.015635613000086,51.98769765800009],[4.02247155000012,51.99437083500007],[4.069021030000044,51.987941799000055],[4.107676629000082,51.991888739000046],[4.141856316000087,52.005601304000066],[4.28467858200014,52.11294179900011],[4.406911655000044,52.223456122000044],[4.498928159137563,52.326087069914536],[4.499033236994364,52.326057034204695],[4.542854852169711,52.31391307223046],[4.548590935923016,52.31251780914957],[4.566470980751205,52.31008901639501]]]}},{"type":"Feature","properties":{"adm1_code":"NLD-3486","diss_me":3486,"iso_3166_2":"NL-NH","wikipedia":null,"iso_a2":"NL","adm0_sr":5,"name":"Noord-Holland","name_alt":"Holanda do Norte|Hollande-septentrionale|North Holland","name_local":null,"type":"Provincie","type_en":"Province","code_local":null,"code_hasc":"NL.NH","note":null,"hasc_maybe":null,"region":null,"region_cod":null,"provnum_ne":0,"gadm_level":1,"check_me":20,"scalerank":8,"datarank":8,"abbrev":null,"postal":null,"area_sqkm":0,"sameascity":-99,"labelrank":8,"featurecla":"Admin-1 scale rank","name_len":13,"mapcolor9":2,"mapcolor13":9,"fips":"NL07","fips_alt":null,"woe_id":2346379,"woe_label":"North Holland, NL, Netherlands","woe_name":"Noord-Holland","latitude":52.5748,"longitude":4.89736,"sov_a3":"NL1","adm0_a3":"NLD","adm0_label":6,"admin":"Netherlands","geonunit":null,"gu_a3":"NLD","gn_id":2749879,"gn_name":"Provincie Noord-Holland","gns_id":-2150412,"gns_name":"Noord-Holland, Provincie","gn_level":1,"gn_region":null,"gn_a1_code":"NL.07","region_sub":null,"sub_code":null,"gns_level":1,"gns_lang":"fra","gns_adm1":"NL07","gns_region":null,"min_label":8,"max_label":11,"min_zoom":8},"geometry":{"type":"MultiPolygon","coordinates":[[[[5.187502351352464,52.99134772092056],[5.260188560153921,52.86535829155194],[5.37032308574183,52.790339120853744],[5.370207545341941,52.789315757116455],[5.358882060858434,52.68900433018568],[5.308726346943388,52.69871188754355],[5.277985748643346,52.685768476833644],[5.261806486380237,52.648556174527855],[5.095160083271224,52.58222119745032],[5.119428975766596,52.51588622127217],[5.167966764354702,52.47220221316168],[5.193853583975681,52.42851820415176],[5.159877133223148,52.42851820415176],[5.103249714402864,52.39615967872628],[5.104867639729832,52.363801154200004],[5.159877133223148,52.328206777220984],[5.190617730623813,52.32335299854209],[5.227830034728356,52.324970923868946],[5.248863075670442,52.324970923868946],[5.282839527322324,52.31849921896374],[5.367600324395426,52.28331549221615],[5.366119229119136,52.28315113841437],[5.332193057663517,52.27938640905553],[5.276195103121523,52.27934153918069],[5.268288608132764,52.277481188106336],[5.263792758728812,52.27587921855111],[5.245654330582852,52.257172350523504],[5.225293817056041,52.226166489991456],[5.221883172370525,52.21443594006662],[5.216302118248194,52.2069945339705],[5.209325799246244,52.19650421839499],[5.202039421881864,52.18740916590032],[5.182350701923383,52.179037583817475],[5.126798536823003,52.18089793579101],[5.089052189207194,52.17657644154953],[5.071273325303707,52.171496764863846],[5.045028337188057,52.1681103155387],[5.03994866230093,52.189275628767334],[5.034022373733592,52.204514654327895],[5.041584100126101,52.224822902854626],[5.058172234660873,52.23738027597899],[5.053366326894462,52.24352977178161],[5.050730827665575,52.24575185806184],[5.048715447859593,52.247663885979605],[5.046390007892512,52.24947256110981],[5.042979364106372,52.25138458902758],[5.040188836145916,52.25231476501439],[5.038018425809753,52.25376170493881],[5.036468133097856,52.25593211527489],[5.03538292837942,52.259652818322834],[5.03383263476826,52.262701727802565],[5.030421990982092,52.267145901262396],[5.035227898748502,52.27184845624133],[5.065768670387826,52.279238186393215],[5.025306023953874,52.281563626360295],[5.009131299669747,52.27717112884453],[5.004480422433517,52.281563626360295],[4.999674512868467,52.28394074227141],[4.993628370752674,52.2854393581399],[4.986341994287642,52.28549103498331],[4.961537306401567,52.27706777605697],[4.942417026324648,52.27500071940763],[4.933115269154371,52.27546580740109],[4.928464390119501,52.27376048415901],[4.925208774165611,52.27200348587213],[4.911256137960351,52.25562205691243],[4.871516961038964,52.25221141222691],[4.849657829844944,52.24559682933021],[4.83456831207792,52.23598501199872],[4.814414504126091,52.22962881152041],[4.767854037833558,52.22120555349342],[4.736228062375176,52.20828644516327],[4.725634393112728,52.21149038427383],[4.722223748427211,52.21624461519683],[4.717882927754886,52.230972397757895],[4.715402459056264,52.23247101542508],[4.71028649292731,52.23458974891783],[4.669462111287402,52.22647654925329],[4.648223096818469,52.220223701562546],[4.605538364104262,52.21319570571727],[4.580888705849105,52.21283397141066],[4.574067417377421,52.213609116867204],[4.569261508711662,52.215056056791624],[4.559442986704482,52.2208954942317],[4.548125847929583,52.22037873029417],[4.546730583949312,52.22776846044606],[4.559287957073565,52.2408942734519],[4.564145541683416,52.25438182256316],[4.565075717670226,52.26373525747614],[4.566315952019579,52.268076077249205],[4.56771121599985,52.2705048691045],[4.609724155145614,52.31344798423707],[4.587244907226705,52.316755276135],[4.566470980751205,52.31008901639497],[4.548590935923016,52.31251780914961],[4.542854852169711,52.313913072230505],[4.499033236994364,52.326057034204766],[4.498928159137563,52.32608706991449],[4.508148634000122,52.33637116100006],[4.56861412900011,52.44525788000006],[4.577321811000104,52.473578192],[4.577321811000104,52.48094310100011],[4.596934441000087,52.506577867000075],[4.639333530000073,52.700669664000046],[4.657074415000068,52.75018952],[4.659841342000107,52.76528554900001],[4.669444207000083,52.79657623900006],[4.711680535000113,52.86310455900015],[4.721364780000073,52.895941473000065],[4.722422722000118,52.91449616100006],[4.726410352000102,52.938299872000144],[4.733897332000083,52.958889065],[4.745453321000099,52.96759674700017],[4.806976759000065,52.96181875200001],[4.81690514400006,52.96759674700017],[4.824392123000052,52.960150458],[4.809418165000096,52.929592190000065],[4.832774285000085,52.911322333],[4.873789910000113,52.90395742400001],[4.913096550000091,52.90558502800003],[4.935801629000139,52.91339752800003],[4.978282097000118,52.93569570500016],[4.99903405000012,52.9403343770001],[5.038910352000102,52.94350820500016],[5.078135613000114,52.95400625200013],[5.179772503136832,53.00899452182422],[5.17977280696951,53.00899362635484],[5.18011521304669,53.007985134706175],[5.18213059375185,53.004884549282465],[5.186006326430828,52.99511770411881],[5.187429153732495,52.99153217636892],[5.187502351352464,52.99134772092056]]],[[[4.892588738000143,53.11102936400009],[4.892588738000143,53.10480377800003],[4.913096550000091,53.10480377800003],[4.90609785200013,53.091701565000065],[4.893077019000145,53.07611725500006],[4.865244988000086,53.05019765800016],[4.81812584700009,53.0267601580001],[4.795664910000085,53.00031159100011],[4.761973504000082,52.994330145],[4.72681725400011,53.003078518000066],[4.707692905000044,53.028469143000095],[4.71387780000012,53.05463288000014],[4.733653191000116,53.084214585],[4.758474155000101,53.10846588700018],[4.805674675000148,53.13300202],[4.829274936000104,53.162990627000156],[4.854340040000096,53.18773021000014],[4.88575280000012,53.186712958000086],[4.889821811000104,53.180853583000115],[4.892100457000055,53.17572663000011],[4.891368035000141,53.17096588700012],[4.88575280000012,53.16620514500012],[4.89991295700014,53.15232982000013],[4.910166863000086,53.134588934000035],[4.909922722000147,53.11884186400009],[4.892588738000143,53.11102936400009]]]]}},{"type":"Feature","properties":{"adm1_code":"NLD-5147","diss_me":5147,"iso_3166_2":"NL-BQ2","wikipedia":"http://en.wikipedia.org/wiki/Saba","iso_a2":"NL","adm0_sr":3,"name":"Saba","name_alt":null,"name_local":null,"type":"Bijzondere Gemeenten","type_en":"Special Municipality","code_local":null,"code_hasc":"BQ.SB","note":null,"hasc_maybe":null,"region":null,"region_cod":null,"provnum_ne":0,"gadm_level":0,"check_me":0,"scalerank":10,"datarank":10,"abbrev":null,"postal":null,"area_sqkm":0,"sameascity":-99,"labelrank":20,"featurecla":"Admin-1 scale rank","name_len":4,"mapcolor9":2,"mapcolor13":0,"fips":null,"fips_alt":null,"woe_id":24549808,"woe_label":null,"woe_name":"Saba","latitude":17.6325,"longitude":-63.2371,"sov_a3":"NL1","adm0_a3":"NLD","adm0_label":8,"admin":"Netherlands","geonunit":null,"gu_a3":"NLD","gn_id":7610358,"gn_name":"Saba","gns_id":0,"gns_name":null,"gn_level":1,"gn_region":null,"gn_a1_code":"NL.SB","region_sub":null,"sub_code":null,"gns_level":0,"gns_lang":null,"gns_adm1":null,"gns_region":null,"min_label":11,"max_label":11,"min_zoom":8},"geometry":{"type":"Polygon","coordinates":[[[-63.2384333979999,17.646918036000073],[-63.23029537699989,17.642320054000038],[-63.22370357999992,17.62921784100007],[-63.22948157499988,17.618231512000108],[-63.23839270699992,17.614691473000022],[-63.25133216099991,17.623765367000118],[-63.24893144399988,17.640366929000095],[-63.2384333979999,17.646918036000073]]]}},{"type":"Feature","properties":{"adm1_code":"NLD-5148","diss_me":5148,"iso_3166_2":"NL-BQ3","wikipedia":"http://en.wikipedia.org/wiki/Sint_Eustatius","iso_a2":"NL","adm0_sr":3,"name":"St. Eustatius","name_alt":null,"name_local":null,"type":"Bijzondere Gemeenten","type_en":"Special Municipality","code_local":null,"code_hasc":"BQ.SE","note":null,"hasc_maybe":null,"region":null,"region_cod":null,"provnum_ne":0,"gadm_level":0,"check_me":0,"scalerank":10,"datarank":10,"abbrev":null,"postal":null,"area_sqkm":0,"sameascity":-99,"labelrank":20,"featurecla":"Admin-1 scale rank","name_len":13,"mapcolor9":2,"mapcolor13":0,"fips":null,"fips_alt":null,"woe_id":24549809,"woe_label":null,"woe_name":"St. Eustatius","latitude":17.4852,"longitude":-62.9719,"sov_a3":"NL1","adm0_a3":"NLD","adm0_label":8,"admin":"Netherlands","geonunit":null,"gu_a3":"NLD","gn_id":7610359,"gn_name":"Sint Eustatius","gns_id":0,"gns_name":null,"gn_level":1,"gn_region":null,"gn_a1_code":"NL.SE","region_sub":null,"sub_code":null,"gns_level":0,"gns_lang":null,"gns_adm1":null,"gns_region":null,"min_label":11,"max_label":11,"min_zoom":8},"geometry":{"type":"Polygon","coordinates":[[[-62.99714107999995,17.52562083500004],[-62.983796982999934,17.517682944000057],[-62.97725385399991,17.50413683800005],[-62.96525672899989,17.498915963000087],[-62.94506450999992,17.48538443100003],[-62.948903570999875,17.472374603000077],[-62.958723137999925,17.4645711740001],[-62.981085521999944,17.467723731000092],[-62.99469967399992,17.4921328800001],[-62.99714107999995,17.52562083500004]]]}},{"type":"Feature","properties":{"adm1_code":"NLD-894","diss_me":894,"iso_3166_2":"NL-DR","wikipedia":null,"iso_a2":"NL","adm0_sr":1,"name":"Drenthe","name_alt":null,"name_local":null,"type":"Provincie","type_en":"Province","code_local":null,"code_hasc":"NL.DR","note":null,"hasc_maybe":null,"region":null,"region_cod":null,"provnum_ne":7,"gadm_level":1,"check_me":20,"scalerank":8,"datarank":8,"abbrev":null,"postal":"DR","area_sqkm":0,"sameascity":-99,"labelrank":8,"featurecla":"Admin-1 scale rank","name_len":7,"mapcolor9":2,"mapcolor13":9,"fips":"NL01","fips_alt":null,"woe_id":2346373,"woe_label":"Drenthe, NL, Netherlands","woe_name":"Drenthe","latitude":52.9046,"longitude":6.60064,"sov_a3":"NL1","adm0_a3":"NLD","adm0_label":6,"admin":"Netherlands","geonunit":null,"gu_a3":"NLD","gn_id":2756631,"gn_name":"Provincie Drenthe","gns_id":-2143648,"gns_name":"Drenthe, Provincie","gn_level":1,"gn_region":null,"gn_a1_code":"NL.01","region_sub":null,"sub_code":null,"gns_level":1,"gns_lang":"nld","gns_adm1":"NL01","gns_region":null,"min_label":8,"max_label":11,"min_zoom":8},"geometry":{"type":"Polygon","coordinates":[[[6.519736768637017,53.19039703999141],[6.530640496261896,53.19122386319074],[6.547693718790129,53.177219550142155],[6.563971794962356,53.15995962203894],[6.567072381285328,53.15835765248363],[6.572498406676118,53.15716909407843],[6.582937046307649,53.15200145110603],[6.617043491364001,53.12450958894638],[6.627740513413926,53.10911001191752],[6.62960086358899,53.107559719205625],[6.631461215562638,53.10559601534379],[6.636887240953399,53.106681220062256],[6.698692253744582,53.118980210768115],[6.725357292704928,53.11748159400028],[6.734814080405499,53.114381009476034],[6.740550164158719,53.11190053987795],[6.775638462045407,53.089214586384],[6.819408400377398,53.06012075556836],[6.843127882645689,53.04601308883301],[6.862041457147541,53.035161038051456],[6.896819695772336,53.01309520128248],[6.935473667076081,52.98839386708326],[6.982189162100155,52.95015330692962],[7.031178420247954,52.91315298112514],[7.038206414294592,52.91217112919426],[7.039446648643946,52.907881985365265],[7.038981560650484,52.903902899898924],[7.017845899868405,52.870364894724105],[7.037741327200507,52.86617910458196],[7.048128289089334,52.86106313755374],[7.06626671723518,52.847420558811734],[7.071796095413447,52.841684475058514],[7.072150759125179,52.84131655225846],[7.061976766000043,52.82401194200014],[7.053295125000091,52.79057729100006],[7.04399336700007,52.68262522400002],[7.036655314000058,52.64738189700006],[7.018465210000045,52.62598785400013],[6.982808471000055,52.63278330500009],[6.967718953000144,52.63665903800003],[6.918419637000056,52.63218902600002],[6.865399617000037,52.64195587200007],[6.77052168700007,52.64102569600004],[6.73703536000005,52.63469533300011],[6.719083149034105,52.6267589821706],[6.71838097460224,52.62702057623861],[6.70783898308261,52.63094798396227],[6.705358514383988,52.63926789010097],[6.705823602377365,52.64660594340961],[6.702102899329304,52.64934479452663],[6.696366814676793,52.652186998431205],[6.624174839097492,52.67234080728241],[6.611152377979863,52.67259918880151],[6.58195519437669,52.66939524969098],[6.53327599459152,52.653943996718056],[6.520821974254716,52.64588247299767],[6.518651563918553,52.641231593962885],[6.521597120610636,52.61146596957886],[6.480204299089138,52.62366160749724],[6.474158156074083,52.62433340106557],[6.466665073134635,52.62433340106557],[6.462324253361572,52.62143952121693],[6.454107700010354,52.618287258949806],[6.448371616257134,52.617873846900494],[6.443100619597914,52.61942414051168],[6.439224887818312,52.621956285154425],[6.434418980051902,52.62650381140173],[6.431318393728901,52.627744045751086],[6.428992953761821,52.62800242816948],[6.423721958001977,52.6251602242649],[6.416590610268486,52.6228347851972],[6.39328453915013,52.61844228858081],[6.386618280309392,52.618493964524845],[6.382587517999582,52.61957916924331],[6.381502313281146,52.62112946195509],[6.373440788661469,52.63441030549123],[6.36537926584046,52.641748358799674],[6.347964308106356,52.65249705679375],[6.33277143665245,52.66009349252059],[6.325019972193985,52.6677932810351],[6.321299269145925,52.66825836902848],[6.273033481410039,52.66789663382261],[6.264661899327194,52.66965363210946],[6.233759393381291,52.68262441728302],[6.217946405202412,52.68624176754352],[6.210970086200547,52.685156561925794],[6.205234002447241,52.68200430055805],[6.197172478726941,52.678852037391636],[6.191281366242094,52.678645330917306],[6.183323195309185,52.6799889189534],[6.179137404267834,52.682055976502085],[6.17650190593821,52.683812974788964],[6.169680616567177,52.69104767530993],[6.164874708800767,52.69342479122116],[6.130251498907512,52.74851186832805],[6.139914992183151,52.7586921255411],[6.166269971881661,52.766495265943746],[6.202443475386076,52.78819936840611],[6.206939324789971,52.7967259792205],[6.197792596351292,52.80535594282247],[6.187353956719761,52.81259064424282],[6.179757520992837,52.816776435284225],[6.12947635255162,52.85341502498346],[6.214225702154437,52.89294749632987],[6.247608676798961,52.91620189150407],[6.254584994901563,52.92049103533296],[6.265437045683115,52.92565867830535],[6.292102084643545,52.92571035424942],[6.314477979774978,52.922196356776396],[6.347964308106356,52.908398749302876],[6.395765007848837,52.92782908774214],[6.401966179595519,52.9319115259961],[6.429458041755197,52.9593517122118],[6.432093540084821,52.96488109039004],[6.433798862427523,52.96932526295049],[6.421706577296703,52.98456981124781],[6.367549676176623,53.02849477831134],[6.363828973128648,53.03970856429876],[6.358402947737858,53.04968211503757],[6.359333122825319,53.05515981727177],[6.356956007813551,53.06074087229345],[6.354630567846471,53.06363475214209],[6.326415236174142,53.0709211295065],[6.310757276726918,53.076553860472245],[6.307656691303293,53.07841421244595],[6.309517043276912,53.092056790288666],[6.330135939222203,53.088077703922835],[6.338042433311614,53.09086823188338],[6.354165479853009,53.10838654240496],[6.358402947737858,53.118411769987176],[6.362433709148377,53.12487132415225],[6.374991082272658,53.14083934196205],[6.377936638964712,53.14600698493442],[6.378711786219981,53.14838410084556],[6.385378045060747,53.15820262285271],[6.400415886883621,53.16967479125856],[6.413748407263256,53.17783966686713],[6.432093540084821,53.184815985868994],[6.468370396376713,53.204504705827475],[6.501443311759431,53.19509959586961],[6.519736768637017,53.19039703999141]]]}},{"type":"Feature","properties":{"adm1_code":"NLD-895","diss_me":895,"iso_3166_2":"NL-FR","wikipedia":null,"iso_a2":"NL","adm0_sr":5,"name":"Friesland","name_alt":"Frise|Frisia|Frísia","name_local":null,"type":"Provincie","type_en":"Province","code_local":null,"code_hasc":"NL.FR","note":null,"hasc_maybe":null,"region":null,"region_cod":null,"provnum_ne":2,"gadm_level":1,"check_me":20,"scalerank":8,"datarank":8,"abbrev":null,"postal":"FR","area_sqkm":0,"sameascity":-99,"labelrank":8,"featurecla":"Admin-1 scale rank","name_len":9,"mapcolor9":2,"mapcolor13":9,"fips":"NL02","fips_alt":null,"woe_id":2346374,"woe_label":"Friesland, NL, Netherlands","woe_name":"Friesland","latitude":53.0792,"longitude":5.77345,"sov_a3":"NL1","adm0_a3":"NLD","adm0_label":6,"admin":"Netherlands","geonunit":null,"gu_a3":"NLD","gn_id":2755812,"gn_name":"Provincie Friesland","gns_id":-2144468,"gns_name":"Fryslan, Provincie","gn_level":1,"gn_region":null,"gn_a1_code":"NL.02","region_sub":null,"sub_code":null,"gns_level":1,"gns_lang":"nld","gns_adm1":"NL02","gns_region":null,"min_label":8,"max_label":11,"min_zoom":8},"geometry":{"type":"MultiPolygon","coordinates":[[[[4.935720248000081,53.22597890800007],[4.910166863000086,53.212469794000114],[4.878916863000114,53.22089264500006],[4.921234571000127,53.25372955900015],[4.986501498000109,53.28998444200006],[5.05445397200009,53.31378815300015],[5.104828321000127,53.30963776200012],[5.104828321000127,53.30280182500012],[5.078135613000114,53.30280182500012],[5.065603061000104,53.29848867400001],[5.03646894600007,53.291815497000144],[4.957530144000117,53.24555084800015],[4.935720248000081,53.22597890800007]]],[[[6.234069451743835,53.34485789737407],[6.236859978805001,53.34434113253728],[6.239960565127973,53.34444448532476],[6.243526239444407,53.34527130852409],[6.24915897041015,53.34754507074844],[6.251949496572024,53.348268541160294],[6.255205111626651,53.34842356989175],[6.273653599034333,53.344702866843775],[6.277219271552184,53.3413955758452],[6.278924594794177,53.33586619676758],[6.276599154827124,53.323360501386006],[6.276134066833748,53.313593655323004],[6.277839390075826,53.3124050969176],[6.280474888405365,53.31147492093079],[6.287141147246132,53.309924628219065],[6.287141147246132,53.308891100343985],[6.284350620184966,53.306875718739335],[6.267607456019277,53.29752228472573],[6.253964878176646,53.288168849812635],[6.250244175128586,53.283673001307946],[6.245231560887845,53.27075389297782],[6.230348747796512,53.25545766873644],[6.217946405202412,53.24057485654437],[6.219961785907685,53.23587230156555],[6.220891960995203,53.23168651052403],[6.222907341700477,53.229206040926115],[6.224612664043264,53.22615713234576],[6.225697869660991,53.223314928441184],[6.226007928023449,53.22057607732417],[6.22337242969391,53.21654531501419],[6.186268752001325,53.18677968973098],[6.176036817944862,53.17442902308086],[6.169060499842203,53.15293162709291],[6.173711378877073,53.13148590794829],[6.18301313604735,53.12430288427073],[6.196242302740131,53.11711985879445],[6.204923944084783,53.115414537351015],[6.24760867679899,53.11293406775293],[6.264816928958112,53.10921336470496],[6.300783725988197,53.095002346081415],[6.309517043276912,53.09205679028862],[6.307656691303293,53.07841421244599],[6.310757276726918,53.0765538604722],[6.326415236174142,53.070921129506544],[6.354630567846471,53.06363475214205],[6.356956007813551,53.06074087229349],[6.359333122825319,53.05515981727173],[6.358402947737886,53.04968211503753],[6.363828973128648,53.039708564298806],[6.367549676176623,53.028494778311384],[6.421706577296703,52.984569811247766],[6.433798862427523,52.969325262950534],[6.432093540084821,52.96488109039011],[6.429458041755197,52.95935171221184],[6.401966179595519,52.93191152599614],[6.395765007848865,52.92782908774221],[6.347964308106356,52.90839874930283],[6.314477979774978,52.922196356776354],[6.292102084643545,52.92571035424946],[6.265437045683115,52.92565867830531],[6.254584994901563,52.92049103533303],[6.24760867679899,52.916201891504116],[6.214225702154465,52.89294749632994],[6.12947635255162,52.853415024983505],[6.087463413405771,52.84333812145722],[6.068188103698049,52.84209788710787],[6.051910028425084,52.83930735914733],[6.049584587558712,52.83811880074212],[6.048499382840276,52.83698192007945],[6.047569206853382,52.83264110030659],[6.04663903176592,52.83103912985199],[6.032376336298853,52.82106557911318],[5.993102248270191,52.82282257829941],[5.988141309973514,52.82426951822366],[5.978994582434041,52.829230454721696],[5.967212354766389,52.83977244714079],[5.961889683062395,52.84127106390845],[5.959254184732856,52.841581122270995],[5.956773716034149,52.83972077119655],[5.953053012986175,52.83817047848483],[5.932899204134969,52.835224920893396],[5.927938266737641,52.83336456981907],[5.924372593320584,52.8309357770644],[5.9218921237225,52.82757680922241],[5.918326450305443,52.823701077442806],[5.913830600901576,52.819618639188874],[5.908973016291725,52.81667308249679],[5.879362419739948,52.80592438450272],[5.871765984912287,52.80504588535926],[5.866184929890608,52.804839178884905],[5.837917922274301,52.807681382789596],[5.834197218326977,52.80876658840741],[5.822414991558617,52.815019436098126],[5.7851562842352,52.803702298222404],[5.77507937980954,52.81899852246387],[5.750119663191924,52.83506989216177],[5.740456169916314,52.83873891926568],[5.71999230270265,52.836775214504584],[5.717352093724173,52.836468370319054],[5.703500351559967,52.83785354390598],[5.680849384391649,52.83785354390598],[5.656580490097554,52.83461769235261],[5.632311596702806,52.8281459874474],[5.599953072176532,52.81196672518429],[5.557886989393012,52.79255161046838],[5.371825470668966,52.789315757116455],[5.37032308574183,52.790339120853744],[5.260188560153921,52.86535829155194],[5.187502351352464,52.99134772092056],[5.187429153732495,52.99153217636892],[5.186006326430828,52.99511770411881],[5.18213059375185,53.004884549282465],[5.18011521304669,53.007985134706175],[5.17977280696951,53.00899362635484],[5.179772503136832,53.00899452182422],[5.279470248000109,53.062933661000116],[5.294200066000116,53.073431708],[5.31275475400011,53.082831122000115],[5.35889733200014,53.0893415390001],[5.379242384000122,53.097357489000146],[5.39975019600007,53.12205638200014],[5.42709394600007,53.19033437700013],[5.447438998000052,53.22089264500006],[5.482595248000109,53.24555084800015],[5.504242384000094,53.257025458],[5.541026238000086,53.266587632],[5.557871941000087,53.27802155200014],[5.573496941000087,53.291652736000074],[5.59156334700009,53.30280182500012],[5.611827019000089,53.30711497600011],[5.659678582000112,53.31195709800009],[5.694590691000144,53.33006419500002],[5.854746941000087,53.368801174000126],[5.890798373000052,53.384263414000046],[5.91374759200005,53.3854027360001],[5.980804884000122,53.40607330900009],[6.077321811000076,53.40892161700005],[6.186021069489158,53.41099634074449],[6.175261671588885,53.39813629845149],[6.170300734191557,53.38609568926465],[6.180067580254644,53.36433991175757],[6.194381951665775,53.36056753186618],[6.213295526167627,53.35731191681147],[6.216861199584713,53.356020006518136],[6.220736932263662,53.35384959618189],[6.226473016016911,53.34883698194123],[6.230658807058319,53.346046453980605],[6.234069451743835,53.34485789737407]]],[[[5.427012566000087,53.40643952000012],[5.382497592000078,53.39468008000013],[5.346934441000116,53.38922760600009],[5.20834394600007,53.352687893000066],[5.179860873000081,53.35309479400017],[5.167653842000107,53.36823151200015],[5.178884311000104,53.385443427000084],[5.232432488000114,53.39671458500008],[5.250173373000109,53.40643952000012],[5.272959832000112,53.40607330900009],[5.407237175000148,53.422552802],[5.423594597000147,53.430365302],[5.43702233200014,53.43646881700006],[5.585297071000127,53.45359935100011],[5.562022332000112,53.434312242000075],[5.533702019000089,53.42837148600013],[5.475433790000068,53.426947333000086],[5.477386915000125,53.42352936400006],[5.479746941000059,53.41620514500006],[5.481700066000116,53.412665106000176],[5.468597852000045,53.40851471600014],[5.427012566000087,53.40643952000012]]],[[[5.913828972000118,53.473863023000106],[5.954600457000083,53.46108633000007],[5.855642123000081,53.44741445500013],[5.752777540000096,53.44741445500013],[5.727061394000117,53.44334544499999],[5.678965691000059,53.430121161000145],[5.653575066000144,53.433742580000015],[5.636078321000099,53.44867584800015],[5.641937696000127,53.46336497600005],[5.658864780000016,53.471869208000086],[5.674001498000109,53.467922268000095],[5.913828972000118,53.473863023000106]]],[[[6.153168165000125,53.46881745000009],[6.133311394000117,53.45359935100011],[6.127452019000089,53.45990631700015],[6.127126498000052,53.463080145000035],[6.133311394000117,53.467922268000095],[6.122813347000147,53.481634833000115],[6.14795983200014,53.494859117000075],[6.185394727000073,53.50486888200014],[6.211761915000068,53.50885651200012],[6.310801629000139,53.51414622599999],[6.338715040000096,53.50885651200012],[6.338715040000096,53.50202057500009],[6.325043165000068,53.50202057500009],[6.153168165000125,53.46881745000009]]]]}},{"type":"Feature","properties":{"adm1_code":"NLD-896","diss_me":896,"iso_3166_2":"NL-GE","wikipedia":null,"iso_a2":"NL","adm0_sr":1,"name":"Gelderland","name_alt":"Geldern|Gheldria|Guelders|Gueldre","name_local":null,"type":"Provincie","type_en":"Province","code_local":null,"code_hasc":"NL.GE","note":null,"hasc_maybe":null,"region":null,"region_cod":null,"provnum_ne":9,"gadm_level":1,"check_me":20,"scalerank":8,"datarank":8,"abbrev":null,"postal":"GE","area_sqkm":0,"sameascity":-99,"labelrank":8,"featurecla":"Admin-1 scale rank","name_len":10,"mapcolor9":2,"mapcolor13":9,"fips":"NL03","fips_alt":null,"woe_id":2346375,"woe_label":"Gelderland, NL, Netherlands","woe_name":"Gelderland","latitude":52.0635,"longitude":5.96001,"sov_a3":"NL1","adm0_a3":"NLD","adm0_label":6,"admin":"Netherlands","geonunit":null,"gu_a3":"NLD","gn_id":2755634,"gn_name":"Provincie Gelderland","gns_id":-2144648,"gns_name":"Gelderland, Provincie","gn_level":1,"gn_region":null,"gn_a1_code":"NL.03","region_sub":null,"sub_code":null,"gns_level":1,"gns_lang":"fra","gns_adm1":"NL03","gns_region":null,"min_label":8,"max_label":11,"min_zoom":8},"geometry":{"type":"Polygon","coordinates":[[[5.939410435143458,52.479329332282816],[5.969692824364387,52.48496206324856],[6.001628859084576,52.50160187372748],[6.030671013956152,52.51100698548399],[6.042763299086971,52.507854723216866],[6.049584587558712,52.505322578574095],[6.056405876929659,52.49870799387875],[6.063847283924986,52.4894062358091],[6.081572300021634,52.47772736272759],[6.089013706117669,52.47379995410455],[6.095369906595977,52.46790884072041],[6.104206576672169,52.45204417569812],[6.111958042030039,52.43979686093638],[6.132731967606219,52.42129669938322],[6.134799025154905,52.41871287699766],[6.136194289135176,52.41561229157395],[6.134799025154905,52.40445018242994],[6.120019564851049,52.38036896405643],[6.086688267049851,52.37349599874133],[6.083587680726879,52.371997381973586],[6.081572300021634,52.370602118892606],[6.086533237418962,52.36372915357751],[6.087308383774939,52.35944000884933],[6.0780066257052,52.35096507397898],[6.069273309315747,52.32900259089686],[6.068033074966394,52.321767890375895],[6.070668573296018,52.318357244791],[6.080952183296631,52.309313870039006],[6.086068149425586,52.30554149014762],[6.10653201663925,52.299702052707545],[6.124515415154292,52.27091828115374],[6.12405032716083,52.262546699070896],[6.122345004818129,52.25949778869199],[6.12405032716083,52.25624217453674],[6.127926059839808,52.25448517535051],[6.139139844927968,52.25128123624003],[6.144100783224559,52.2488007684407],[6.145961134298915,52.2439431829315],[6.14224043125094,52.23748362876643],[6.141930372888396,52.23650177683555],[6.141930372888396,52.23510651285528],[6.14332563596929,52.23283274973164],[6.146116163929833,52.230300605088786],[6.154332717281136,52.22559805010994],[6.157743361067276,52.225132962116504],[6.159913771403438,52.225339666792166],[6.16704511913693,52.23205760427501],[6.17650190593821,52.23691518798549],[6.179602492261211,52.23769033524076],[6.189214307794032,52.23743195282236],[6.259235873936433,52.22885366516445],[6.322539504394626,52.22947378188954],[6.332461379189283,52.231282457019745],[6.347344191381353,52.238207099178254],[6.381657342012772,52.24678538683608],[6.411422967296176,52.24456330055585],[6.417365756624378,52.238413804753236],[6.418450962242105,52.23701854077305],[6.465889926778743,52.19443716084626],[6.495242140012749,52.177177231843785],[6.519116651911929,52.17883087824245],[6.557615593584785,52.17593699839372],[6.585727573368814,52.17955434775493],[6.591773716383926,52.17934764307924],[6.597354771405548,52.17805573188656],[6.600765415191773,52.17335317600825],[6.601695591178583,52.169115709022776],[6.601695591178583,52.16591176991221],[6.606036410951646,52.164929917981254],[6.610067173261427,52.16451650683132],[6.6456205582422,52.169839179434604],[6.653527052331611,52.168495592297774],[6.663293898394727,52.16586009396815],[6.666704543080243,52.16446482998791],[6.669340041409754,52.1616226260833],[6.671045362853192,52.15759186557207],[6.672130567571628,52.14761831303471],[6.671820509209113,52.14234731727487],[6.661898634414456,52.12730947545188],[6.759515414604721,52.114493719909234],[6.770884230223061,52.109119371361885],[6.771575683935481,52.108792501986215],[6.765870808000102,52.108396709],[6.749851115000126,52.102867330000095],[6.73290124500005,52.09198944100004],[6.7276302490001,52.08630503300009],[6.719465373000077,52.073566793000055],[6.711403849000106,52.06728810700014],[6.699414917000126,52.06356740400011],[6.688872925000084,52.063102316000084],[6.679881225000116,52.060466818000094],[6.672956583000143,52.05005401600005],[6.675023641000109,52.03480946900001],[6.690939982000117,52.02785898800002],[6.7128507890001,52.02385406500014],[6.778169800000029,52.00127146500009],[6.804008016000068,51.98437327100001],[6.809175659000061,51.97954152500009],[6.811656127000049,51.97279775100006],[6.81072595200007,51.96057627400003],[6.805661661000102,51.95752736500003],[6.798013550000121,51.95670054200008],[6.789848673000108,51.951145325000084],[6.767007690000099,51.925513815000016],[6.743753296000079,51.908331401000055],[6.716674846000046,51.89926218700009],[6.628153117000068,51.8975051890001],[6.528624308000133,51.87642120400008],[6.47942834400007,51.85301178000012],[6.462891887000069,51.84836090100006],[6.442531372000133,51.84836090100006],[6.378452596000045,51.860117289000044],[6.38661747200004,51.83756052700011],[6.382483358000115,51.827586975000116],[6.344966268000121,51.82110158300014],[6.341969034000016,51.83668202800007],[6.325742635000097,51.84254730300006],[6.287398722000091,51.846164653000045],[6.282851196000138,51.849601135000086],[6.271792439000137,51.861900127000126],[6.264661092000011,51.86618927100008],[6.256392862000069,51.866809387000075],[6.225180298000083,51.86254608200011],[6.191383911000088,51.87115020800013],[6.159241170000058,51.88729909300014],[6.1269950760001,51.8967300410001],[6.09299198400015,51.8853095500001],[6.105394327000056,51.87947011300011],[6.142704712000068,51.85518219000011],[6.156140584000127,51.84205637600013],[6.140017537000062,51.84453684500011],[6.116453084000057,51.84828338700004],[6.084000284000126,51.8536577350001],[6.043279256000062,51.84686228500004],[6.028913208000063,51.84210805300006],[6.008242635000045,51.83257375100007],[5.988915650000081,51.827457784000075],[5.948091268000098,51.82296193500014],[5.931451457000065,51.81564972000007],[5.928040812000063,51.80673553500014],[5.950778442000114,51.795909322000085],[5.964110962000063,51.77655649900004],[5.962353963000083,51.75635101300014],[5.946056399941597,51.74628821626399],[5.944629754059889,51.745989081331004],[5.94142581494944,51.74531728776259],[5.915845980707445,51.756065985756635],[5.912280308189679,51.75813304330532],[5.894400261562822,51.7734292675467],[5.889904412158955,51.777304999326304],[5.886958856366164,51.77787344010716],[5.882152947700376,51.77792511695057],[5.872231072905635,51.77663320575789],[5.863239373198525,51.772809149922324],[5.86277428610444,51.759373276755326],[5.759938185199104,51.762577215865775],[5.690123324631742,51.79270457635516],[5.670796339879246,51.79585683952146],[5.661287876234525,51.800197659294525],[5.648937208685226,51.819472968102986],[5.643201124932006,51.823813787875935],[5.598501010613091,51.83001496052199],[5.534577264329357,51.82391714156279],[5.520004509600454,51.82691437419899],[5.5008325535795,51.83502757386344],[5.481557243871663,51.830221666096946],[5.461971876700773,51.82107493855759],[5.441456332643583,51.816372381779985],[5.401045363053072,51.81823273375363],[5.381098259776905,51.81161814995764],[5.372571648962435,51.792136135574225],[5.367507357878253,51.77539297140845],[5.354639927290833,51.762577215865775],[5.337018263082371,51.753378811482975],[5.317949659848978,51.74743602215469],[5.134911737386744,51.734826972186994],[5.126023389567735,51.73673900010476],[5.137185499611121,51.753120429064495],[5.13734052924201,51.76924347650518],[5.10039188028108,51.78479808226567],[5.08922977113707,51.78257599508606],[5.064993524031905,51.783092759922965],[5.027786492652581,51.8008177760195],[5.012076857261178,51.8114631212261],[5.010061475656642,51.8195246449464],[5.009286330200013,51.82520905185629],[5.008046094951283,51.834872545131816],[5.010681593280907,51.842934067952854],[5.010836622911825,51.844897772714035],[5.004480422433517,51.85094391482983],[5.033367546774883,51.852029120447526],[5.110158726344167,51.87213125335461],[5.120545689132285,51.87621369070925],[5.121475864219803,51.87838410104541],[5.121475864219803,51.88143301052497],[5.119615513145362,51.88592885992895],[5.11791018990337,51.89150991495063],[5.152998487790001,51.93037059182936],[5.157649366824785,51.93522817643918],[5.182557406599045,51.966854152796856],[5.197388542846966,51.96561391934688],[5.221418084377149,51.968456122352165],[5.239453158836255,51.977086086853404],[5.254335971927588,51.97904979071524],[5.310508253752943,51.959722805063365],[5.331230503385086,51.963030096961404],[5.360634392563156,51.97703441000999],[5.382803582119635,51.980186673176405],[5.409055209930017,51.97429555889289],[5.420372348704944,51.97398550142972],[5.429674105875307,51.976724352546825],[5.449466180419932,51.98550934488031],[5.461971876700773,51.98762807927244],[5.505070020564972,51.9819953483067],[5.582119581653387,51.95331492774173],[5.615709262772327,51.94825063755681],[5.619274937088676,51.95295319343512],[5.619740024182761,51.96866282792715],[5.618344761101866,51.973830470899514],[5.616484409128248,51.97780955726526],[5.612298618086811,51.98235708351257],[5.605477328715779,51.99134878232039],[5.584858432770488,52.00509471295058],[5.572249382802795,52.01904735005513],[5.563412712726489,52.0493814152201],[5.56480797670676,52.0733076039628],[5.562792596001515,52.0791470405035],[5.561862420014677,52.08457306589429],[5.553335809200206,52.10483022753297],[5.536902703397061,52.10245311072248],[5.541243524069387,52.09506338236923],[5.540623407344412,52.0910842960034],[5.539228143364141,52.08715688738047],[5.535042352322733,52.08229930277062],[5.531166618744464,52.07950877481011],[5.527135858233237,52.07785513021008],[5.523105095923455,52.07764842373575],[5.519694452137202,52.07687327737986],[5.509255811606408,52.07180898719494],[5.50010908406702,52.0697936064897],[5.472203809857973,52.07837189414761],[5.470188429152699,52.08012889333375],[5.468638136440887,52.08229930277062],[5.476234572167755,52.08633006418114],[5.481040479934165,52.08979238481072],[5.483986036626334,52.093099676708675],[5.489877150010471,52.10384837470272],[5.497628615368313,52.11397695597171],[5.508480666149865,52.11346019113492],[5.508790723613032,52.11459707269671],[5.508790723613032,52.11650910151377],[5.507860549424777,52.12002309808747],[5.507705518894596,52.12674103557032],[5.512666457191301,52.13273550084267],[5.512821485922842,52.136249498315664],[5.510185987593218,52.1385232614393],[5.502434523134724,52.143897609986766],[5.494373000313715,52.1470498722538],[5.490342238003819,52.14942698816492],[5.481505567927627,52.15754018782937],[5.474529249825025,52.16089915657085],[5.453858677036322,52.163793037318754],[5.430139193868683,52.168598945085165],[5.424093051753005,52.175420234456226],[5.424868198108896,52.177383938318144],[5.426728550082544,52.178727525454974],[5.433239780191656,52.181983141408864],[5.436650424877172,52.18611725470757],[5.438665805582446,52.19593577671475],[5.402492302977379,52.21402252891656],[5.3969112479557,52.21986196635663],[5.39923668792278,52.23076569308225],[5.402847834659866,52.24786066753575],[5.408750149100086,52.26716125898491],[5.408921681290593,52.267722169742314],[5.426002191048269,52.26392650100715],[5.49716686296037,52.269317764003546],[5.532749198916434,52.27686553201869],[5.552157745883278,52.298430584903514],[5.562940271876045,52.31999563688916],[5.579114060865237,52.34479544685237],[5.600679112850798,52.357734477863914],[5.627635428732106,52.37175176183433],[5.654591743713979,52.38145603486811],[5.689095826711053,52.39008205584216],[5.733304183641167,52.40302108775296],[5.771043024615921,52.41380361374573],[5.795842834579219,52.42674264475724],[5.81525138244541,52.44075992872769],[5.837894687389905,52.46232498071325],[5.85514672933806,52.48065527472116],[5.865929255330855,52.50545508558375],[5.867007507390582,52.52162887457291],[5.866948142242933,52.5217913451944],[5.880988074739889,52.52112861229563],[5.891454704870768,52.52036041949779],[5.903857049263394,52.508836575147825],[5.924992710045473,52.48403188726175],[5.931348911423157,52.48062124347561],[5.939410435143458,52.479329332282816]]]}},{"type":"Feature","properties":{"adm1_code":"NLD-897","diss_me":897,"iso_3166_2":"NL-GR","wikipedia":null,"iso_a2":"NL","adm0_sr":5,"name":"Groningen","name_alt":"Groninga|Groningue","name_local":null,"type":"Provincie","type_en":"Province","code_local":null,"code_hasc":"NL.GR","note":null,"hasc_maybe":null,"region":null,"region_cod":null,"provnum_ne":3,"gadm_level":1,"check_me":20,"scalerank":8,"datarank":8,"abbrev":null,"postal":"GR","area_sqkm":0,"sameascity":7,"labelrank":7,"featurecla":"Admin-1 scale rank","name_len":9,"mapcolor9":2,"mapcolor13":9,"fips":"NL04","fips_alt":null,"woe_id":2346376,"woe_label":"Groningen, NL, Netherlands","woe_name":"Groningen","latitude":53.279,"longitude":6.73067,"sov_a3":"NL1","adm0_a3":"NLD","adm0_label":6,"admin":"Netherlands","geonunit":null,"gu_a3":"NLD","gn_id":2755249,"gn_name":"Provincie Groningen","gns_id":-2145034,"gns_name":"Groningen, Provincie","gn_level":1,"gn_region":null,"gn_a1_code":"NL.04","region_sub":null,"sub_code":null,"gns_level":1,"gns_lang":"fra","gns_adm1":"NL04","gns_region":null,"min_label":8,"max_label":11,"min_zoom":8},"geometry":{"type":"MultiPolygon","coordinates":[[[[6.86687259200005,53.434271552000084],[6.900563998000052,53.35179271000008],[6.90577233200014,53.35049062700007],[6.930023634000037,53.34007396000008],[6.93189537900011,53.33759186400006],[6.936696811000104,53.335394598000065],[6.941661004000139,53.33071523600013],[6.948578321000042,53.32607656500012],[6.98015384200005,53.31976959800009],[7.020030144000117,53.30613841400013],[7.037771030000101,53.30963776200012],[7.046234571000042,53.303859768000066],[7.058278842000078,53.301947333],[7.070078972000118,53.30394114800005],[7.078623894000145,53.30963776200012],[7.085459832000083,53.30963776200012],[7.085459832000083,53.30280182500012],[7.077484571000127,53.29865143400015],[7.073496941000144,53.295640367000075],[7.073741082000083,53.29132721600014],[7.078623894000145,53.282945054000024],[7.080739780000073,53.26679108300014],[7.111094597000147,53.25633372600005],[7.183360222000118,53.24510325700005],[7.194590691000116,53.24502187700007],[7.19747237100006,53.21662363700007],[7.198505900000043,53.200578105000105],[7.195405314000112,53.18499766100008],[7.188584025000068,53.167789408000104],[7.174424682000108,53.145775249000124],[7.171944214000121,53.13771372500004],[7.172667684000118,53.12575063100017],[7.176491740000074,53.119394430000156],[7.181349324000081,53.11417511100014],[7.185070027000108,53.10544179300017],[7.194371786000119,53.03384409600001],[7.19282149300011,52.99800649000015],[7.183623088000104,52.96612213100012],[7.161918986000103,52.9326358040001],[7.079856812000116,52.85442352300005],[7.072150759125179,52.841316552258505],[7.071796095413447,52.84168447505847],[7.06626671723518,52.84742055881169],[7.048128289089334,52.861063137553785],[7.037741327200507,52.866179104582],[7.017845899868405,52.87036489472406],[7.038981560650484,52.903902899898966],[7.039446648643946,52.907881985365336],[7.038206414294592,52.912171129194334],[7.031178420247954,52.91315298112518],[6.982189162100155,52.950153306929664],[6.935473667076081,52.9883938670833],[6.896819695772336,53.013095201282525],[6.862041457147541,53.03516103805144],[6.843127882645689,53.04601308883308],[6.819408400377426,53.060120755568434],[6.775638462045407,53.089214586384045],[6.740550164158719,53.11190053987802],[6.734814080405499,53.11438100947608],[6.725357292704928,53.117481594000324],[6.698692253744582,53.11898021076816],[6.636887240953399,53.1066812200623],[6.631461215562638,53.10559601534375],[6.62960086358899,53.10755971920567],[6.627740513413926,53.109110011917565],[6.617043491364029,53.124509588946424],[6.582937046307649,53.1520014511061],[6.572498406676118,53.157169094078384],[6.567072381285357,53.15835765248359],[6.563971794962356,53.15995962203901],[6.547693718790129,53.1772195501422],[6.530640496261896,53.191223863190785],[6.519736768637017,53.19039703999137],[6.501443311759431,53.19509959586968],[6.468370396376713,53.20450470582752],[6.432093540084821,53.184815985869065],[6.413748407263256,53.1778396668672],[6.40041588688365,53.1696747912586],[6.385378045060747,53.158202622852784],[6.378711786219981,53.148384100845604],[6.377936638964712,53.14600698493446],[6.374991082272658,53.14083934196209],[6.362433709148377,53.12487132415221],[6.358402947737886,53.118411769987134],[6.354165479853037,53.108386542404915],[6.338042433311614,53.09086823188342],[6.330135939222203,53.08807770392288],[6.309517043276912,53.09205679028862],[6.300783725988197,53.095002346081415],[6.264816928958112,53.10921336470496],[6.24760867679899,53.11293406775293],[6.204923944084783,53.115414537351015],[6.196242302740131,53.11711985879445],[6.18301313604735,53.12430288427073],[6.173711378877073,53.13148590794829],[6.169060499842203,53.15293162709291],[6.176036817944862,53.17442902308086],[6.186268752001325,53.18677968973098],[6.22337242969391,53.21654531501419],[6.226007928023449,53.22057607732417],[6.225697869660991,53.223314928441184],[6.224612664043264,53.22615713234576],[6.222907341700477,53.229206040926115],[6.220891960995203,53.23168651052403],[6.219961785907685,53.23587230156555],[6.217946405202412,53.24057485654437],[6.230348747796512,53.25545766873644],[6.245231560887845,53.27075389297782],[6.250244175128586,53.283673001307946],[6.253964878176646,53.288168849812635],[6.267607456019277,53.29752228472573],[6.284350620184966,53.306875718739335],[6.287141147246132,53.308891100343985],[6.287141147246132,53.309924628219065],[6.280474888405365,53.31147492093079],[6.277839390075826,53.3124050969176],[6.276134066833748,53.313593655323004],[6.276599154827124,53.323360501386006],[6.278924594794177,53.33586619676758],[6.277219271552184,53.3413955758452],[6.273653599034333,53.344702866843775],[6.255205111626651,53.34842356989175],[6.251949496572024,53.348268541160294],[6.24915897041015,53.34754507074844],[6.243526239444407,53.34527130852409],[6.239960565127973,53.34444448532476],[6.236859978805001,53.34434113253728],[6.234069451743835,53.34485789737407],[6.230658807058319,53.346046453980605],[6.226473016016911,53.34883698194123],[6.220736932263662,53.35384959618189],[6.216861199584713,53.356020006518136],[6.213295526167627,53.35731191681147],[6.194381951665775,53.36056753186618],[6.180067580254644,53.36433991175757],[6.170300734191557,53.38609568926465],[6.175261671588885,53.39813629845149],[6.186021069489158,53.41099634074449],[6.186045769000117,53.410996812000164],[6.273936394000089,53.412665106000176],[6.284353061000076,53.41054922100007],[6.301931186000104,53.40110911700005],[6.311534050000091,53.39899323100006],[6.32007897200009,53.40070221600014],[6.345550977000102,53.412665106000176],[6.494395379000139,53.43870677300005],[6.73023522200009,53.46063873900009],[6.829112175000091,53.450588283000016],[6.849782748000109,53.44489166900003],[6.86687259200005,53.434271552000084]]],[[[6.455088738000143,53.55809153900013],[6.510101759000122,53.543605861000074],[6.505625847000147,53.54376862200006],[6.501963738000114,53.54254791900003],[6.498871290000125,53.53998444200012],[6.496429884000094,53.536200262000094],[6.460703972000147,53.543361721000124],[6.44304446700005,53.549994208],[6.44117272200009,53.55662669500008],[6.455088738000143,53.55809153900013]]]]}},{"type":"Feature","properties":{"adm1_code":"NLD-898","diss_me":898,"iso_3166_2":"NL-LI","wikipedia":null,"iso_a2":"NL","adm0_sr":1,"name":"Limburg","name_alt":"Limbourg|Limburgo","name_local":null,"type":"Provincie","type_en":"Province","code_local":null,"code_hasc":"NL.LI","note":null,"hasc_maybe":null,"region":null,"region_cod":null,"provnum_ne":10,"gadm_level":1,"check_me":20,"scalerank":8,"datarank":8,"abbrev":null,"postal":"LI","area_sqkm":0,"sameascity":-99,"labelrank":8,"featurecla":"Admin-1 scale rank","name_len":7,"mapcolor9":2,"mapcolor13":9,"fips":"NL05","fips_alt":null,"woe_id":2346377,"woe_label":"Limburg, NL, Netherlands","woe_name":"Limburg","latitude":51.2248,"longitude":5.93161,"sov_a3":"NL1","adm0_a3":"NLD","adm0_label":6,"admin":"Netherlands","geonunit":null,"gu_a3":"NLD","gn_id":2751596,"gn_name":"Provincie Limburg","gns_id":-2148693,"gns_name":"Limburg, Provincie","gn_level":1,"gn_region":null,"gn_a1_code":"NL.05","region_sub":null,"sub_code":null,"gns_level":1,"gns_lang":"fra","gns_adm1":"NL05","gns_region":null,"min_label":8,"max_label":11,"min_zoom":8},"geometry":{"type":"Polygon","coordinates":[[[5.94142581494944,51.74531728776259],[5.944629754059889,51.745989081331004],[5.946056399941597,51.74628821626399],[5.940133097000029,51.742630921000114],[5.939306274000103,51.7318822230001],[5.949228150000096,51.72937591600004],[5.978270304000091,51.72978932700005],[5.989742472000103,51.7263786820001],[6.012066691000086,51.71586252800006],[6.02198856600009,51.70950632800003],[6.008552694000116,51.681187643000044],[6.031497030000054,51.66299753900009],[6.099193156000069,51.64447153800006],[6.087514282000086,51.62209564200006],[6.082139933000121,51.60780710900008],[6.086480754000092,51.595533956000054],[6.153039998000082,51.53843149900004],[6.19334761500005,51.509337667000125],[6.20047896300008,51.47657480900003],[6.205336548000105,51.458436382000116],[6.201719197000102,51.43864430800002],[6.194071086000122,51.41737945600005],[6.192727499000057,51.39895680800004],[6.207817016000149,51.38766550800008],[6.202029256000088,51.3788805130001],[6.198928670000043,51.35696970600014],[6.193554321000079,51.34451568600005],[6.183632446000104,51.335704854000056],[6.158207641000075,51.32459442200013],[6.147769002000047,51.3181607060001],[6.096505981000121,51.25881032400008],[6.075421997000092,51.242661439000074],[6.065190063000102,51.23162852000007],[6.056611776000096,51.21170725500008],[6.053717895000091,51.18938303700011],[6.060849243000121,51.170908712000085],[6.084310344000102,51.162692159000045],[6.134126424000044,51.18421539400009],[6.157070760000067,51.17925445600014],[6.149112589000111,51.17633473700005],[6.12627160700012,51.16457834900007],[6.147252238000107,51.152253520000016],[6.132369426000082,51.13982533800004],[6.075421997000092,51.12036916100004],[5.982921183000144,51.07468719500014],[5.969485311000113,51.06492035000008],[5.950261678000089,51.03946970700008],[5.937962687000038,51.030943095000055],[5.919565877000139,51.029702860000015],[5.906233358000122,51.037402649000114],[5.894347778000082,51.04714365700005],[5.88049849500004,51.0520529180001],[5.852489868000106,51.04275116000005],[5.858174275000067,51.01934173600009],[5.87357385200005,50.9905838010001],[5.874607381000118,50.96536570300003],[5.888249959000035,50.96712270100011],[5.914191529000078,50.975235901000104],[5.927730754000066,50.97766469400008],[5.941580037000023,50.97647613500007],[5.967831665000062,50.97099843400008],[6.003695109000091,50.973737284],[6.005762167000057,50.9685179650001],[5.999664348000096,50.96009470600009],[5.995840291000064,50.951774801000056],[5.997287232000076,50.937357076000126],[5.999871053000078,50.929398906000074],[6.007519165000133,50.92407623300011],[6.031083618000139,50.91472279900009],[6.063743124000041,50.90753977500003],[6.061779419000089,50.90350901300013],[6.056508423000139,50.898082988000056],[6.054648071000145,50.89146840400005],[6.063123006000069,50.870901184000076],[6.062812948000072,50.86294301400011],[6.056715129000111,50.85265940400012],[6.045553019000067,50.84418446900011],[6.023022095000073,50.84542470400004],[6.009276164000113,50.840463765000095],[6.000491170000117,50.83043853800007],[6.001421346000086,50.821808574000045],[6.003591756000077,50.81261016900004],[5.998320760000041,50.80072458900011],[5.983954712000127,50.792197978000075],[5.968761841000116,50.794626770000036],[5.972999308000055,50.78181101500007],[5.980647420000139,50.77343943300008],[5.990569295000057,50.76904693600008],[5.997080525000115,50.76294911700003],[5.994910116000113,50.7499266560001],[5.974756307000035,50.74754954000005],[5.902202596000024,50.74904815700006],[5.89132117000014,50.751239556000115],[5.891287548000093,50.75124632700005],[5.879878377000068,50.753544006000084],[5.793165324000086,50.752148743000106],[5.782933390000039,50.756696270000134],[5.76246952300005,50.77101064100003],[5.752444296000135,50.77343943300008],[5.74355594900004,50.76909861300001],[5.732776968000081,50.75885148900011],[5.727846313000043,50.754164124000056],[5.7174076740001,50.752820537000076],[5.706555623000071,50.754215800000054],[5.688365519000115,50.76083038400006],[5.698700806000119,50.78377472000008],[5.700457804000109,50.79555694600009],[5.68485152100007,50.798502503000094],[5.663250773000101,50.80506541000008],[5.657432381000064,50.80764098200012],[5.640719849000078,50.815038961000084],[5.624493448000067,50.83028350900014],[5.622323039000094,50.85265940400012],[5.694463338000077,50.90366404200006],[5.706038859000046,50.90660959900006],[5.717614380000072,50.90924509700008],[5.722368612000054,50.911673890000145],[5.73528771900007,50.92397288100008],[5.752547648000075,50.9472272750001],[5.764019816000086,50.95942291300011],[5.75430464700014,50.96309194000011],[5.744692830000133,50.96324696900007],[5.722368612000054,50.95942291300011],[5.761746053000053,50.99916209000011],[5.777559041000075,51.023553366000044],[5.764019816000086,51.0351805630001],[5.766396932000134,51.048435568000116],[5.771461222000113,51.058124899000035],[5.779626098000023,51.061302999000105],[5.791304972000091,51.054998475000076],[5.798849731000132,51.06148386600006],[5.804327434000129,51.06858937600009],[5.81176884000007,51.08230946900011],[5.808978312000107,51.086340230000104],[5.807428019000071,51.08938914000004],[5.804947550000094,51.09662384000009],[5.81590295400008,51.095874532000096],[5.826651652000095,51.09690806100008],[5.836780232000137,51.09949188300007],[5.845978638000048,51.10339345400013],[5.823241007000064,51.11874135400009],[5.826444946000038,51.13016184500003],[5.840500936000069,51.138921],[5.838020467000092,51.143726909000094],[5.829132121000072,51.15646514900007],[5.812078898000038,51.15731781000008],[5.781383098000106,51.15240854900014],[5.768050577000082,51.15946238300006],[5.74717329900011,51.17760081000009],[5.730843547000063,51.183750306000064],[5.718027791000083,51.1846029670001],[5.676169881000106,51.17917694100004],[5.659013306000048,51.17907358800011],[5.648161255000105,51.18395701100013],[5.638549438000098,51.190907491000104],[5.62501021300011,51.19690195700014],[5.568372843000105,51.207650655000066],[5.551406597018484,51.2167671340481],[5.551630486857505,51.21682241542206],[5.568373651023194,51.22095652872085],[5.592299838866438,51.225504054968155],[5.600981480211175,51.22498729103066],[5.60842288630721,51.227054348579344],[5.615399204409783,51.23196360913323],[5.620980259431377,51.23904328092266],[5.630023634183374,51.27268463798558],[5.647696974335872,51.29232168199999],[5.654518262807642,51.299142971371055],[5.675757277276489,51.31635122353009],[5.773063999104295,51.334954738770136],[5.844119093121719,51.34911408144973],[5.8750215999668,51.354075018847055],[5.898120964610797,51.36611562803381],[5.934449496846867,51.384874172904745],[5.910109896954225,51.41732697246184],[5.875951775953695,51.44683421532676],[5.853265821560456,51.50409170187055],[5.837762891744035,51.56703359622341],[5.873626335986643,51.56481150994318],[5.911815220196218,51.55674998622288],[5.923597446065315,51.5566466343347],[5.950572544287468,51.559437161395834],[5.999613478379331,51.56997915291558],[6.009380324442446,51.56837718425962],[6.033771600279124,51.557886867784674],[6.049274530095545,51.56646515634185],[6.049481234771235,51.57452667916289],[6.043538446342239,51.58294993808914],[6.031291130681126,51.61271556337255],[6.027105339639718,51.617108059089674],[6.026020134921282,51.620673733405994],[6.006279738119446,51.64129263025066],[5.997288039311627,51.646925361216404],[5.987211133986676,51.65074941705194],[5.982250196589263,51.65586538408019],[5.988916457228697,51.66552887645645],[5.973310173725508,51.676329251293936],[5.959977655144684,51.71239940021215],[5.944526401272412,51.72015086556999],[5.904167107625938,51.72273468705609],[5.88819908981614,51.72898753474692],[5.87967247900167,51.741234850408006],[5.882721387581938,51.75327545779612],[5.86277428610444,51.759373276755326],[5.863239373198525,51.772809149922324],[5.872231072905635,51.77663320575789],[5.882152947700376,51.77792511695057],[5.886958856366164,51.77787344010716],[5.889904412158955,51.777304999326304],[5.894400261562822,51.7734292675467],[5.912280308189679,51.75813304330532],[5.915845980707445,51.756065985756635],[5.94142581494944,51.74531728776259]]]}},{"type":"Feature","properties":{"adm1_code":"NLD-899","diss_me":899,"iso_3166_2":"NL-OV","wikipedia":null,"iso_a2":"NL","adm0_sr":1,"name":"Overijssel","name_alt":null,"name_local":null,"type":"Provincie","type_en":"Province","code_local":null,"code_hasc":"NL.OV","note":null,"hasc_maybe":null,"region":null,"region_cod":null,"provnum_ne":8,"gadm_level":1,"check_me":20,"scalerank":8,"datarank":8,"abbrev":null,"postal":"OV","area_sqkm":0,"sameascity":-99,"labelrank":8,"featurecla":"Admin-1 scale rank","name_len":10,"mapcolor9":2,"mapcolor13":9,"fips":"NL15","fips_alt":"NL08","woe_id":2346380,"woe_label":"Overyssel, NL, Netherlands","woe_name":"Overijssel","latitude":52.4311,"longitude":6.41649,"sov_a3":"NL1","adm0_a3":"NLD","adm0_label":6,"admin":"Netherlands","geonunit":null,"gu_a3":"NLD","gn_id":2748838,"gn_name":"Provincie Overijssel","gns_id":-2151454,"gns_name":"Overijssel, Provincie","gn_level":1,"gn_region":null,"gn_a1_code":"NL.15","region_sub":null,"sub_code":null,"gns_level":1,"gns_lang":"fra","gns_adm1":"NL15","gns_region":null,"min_label":8,"max_label":11,"min_zoom":8},"geometry":{"type":"Polygon","coordinates":[[[6.191281366242094,52.678645330917306],[6.197172478726941,52.678852037391636],[6.205234002447241,52.68200430055805],[6.210970086200547,52.685156561925794],[6.217946405202412,52.68624176754352],[6.233759393381291,52.68262441728302],[6.264661899327194,52.66965363210946],[6.273033481410039,52.66789663382261],[6.321299269145925,52.66825836902848],[6.325019972193985,52.6677932810351],[6.33277143665245,52.66009349252059],[6.347964308106356,52.65249705679375],[6.36537926584046,52.641748358799674],[6.373440788661469,52.63441030549123],[6.381502313281146,52.62112946195509],[6.382587517999582,52.61957916924331],[6.386618280309392,52.618493964524845],[6.39328453915013,52.61844228858081],[6.416590610268486,52.6228347851972],[6.423721958001977,52.6251602242649],[6.428992953761821,52.62800242816948],[6.431318393728901,52.627744045751086],[6.434418980051902,52.62650381140173],[6.439224887818312,52.621956285154425],[6.443100619597914,52.61942414051168],[6.448371616257134,52.617873846900494],[6.454107700010354,52.618287258949806],[6.462324253361572,52.62143952121693],[6.466665073134635,52.62433340106557],[6.474158156074083,52.62433340106557],[6.480204299089138,52.62366160749724],[6.521597120610636,52.61146596957886],[6.518651563918553,52.641231593962885],[6.520821974254716,52.64588247299767],[6.53327599459152,52.653943996718056],[6.58195519437669,52.66939524969098],[6.611152377979863,52.67259918880151],[6.624174839097492,52.67234080728241],[6.696366814676793,52.652186998431205],[6.702102899329304,52.64934479452663],[6.705823602377365,52.64660594340961],[6.705358514383988,52.63926789010097],[6.70783898308261,52.63094798396227],[6.71838097460224,52.62702057623861],[6.719083149034105,52.6267589821706],[6.701792032000071,52.61911488900006],[6.710163615000056,52.60865041200003],[6.708199911000122,52.59968455000009],[6.703652384000094,52.591390483000055],[6.70396244300008,52.583070577000086],[6.710990438000096,52.57663686200004],[6.743753296000079,52.55971283000014],[6.688252807000111,52.54258209300008],[6.671716349000121,52.54167775500014],[6.684015340000144,52.52599395800007],[6.687529337000115,52.508139751000016],[6.688976278000098,52.49051808700003],[6.695074097000145,52.47560943700009],[6.714814494000109,52.46155344700006],[6.741169474000088,52.453672791000116],[6.820337769000105,52.446825663000055],[6.872014200000137,52.43473337800006],[6.9002295330001,52.431917013],[6.92648116100014,52.4329763800001],[6.951492553000037,52.437472229000036],[6.960794311000143,52.442846578000086],[6.966995483000034,52.449564515000105],[6.973300008000137,52.45137319000008],[7.034174845000081,52.39078257300014],[7.048230835000112,52.36507354700004],[7.039755900000102,52.32861582500004],[7.019705444000067,52.300038758000085],[7.012470744000098,52.28494923900007],[7.011850626000125,52.2666299440001],[7.02073897300005,52.245261739000085],[7.02660015178796,52.23862268684388],[7.029110555000017,52.23577911400011],[7.026320027000054,52.230637309000116],[6.981878296000076,52.21399749800008],[6.971129598000061,52.2062718710001],[6.94766849700008,52.18281077100002],[6.927721395000077,52.17190704400005],[6.884829956000118,52.16033152300011],[6.865399617000037,52.147799988000116],[6.843282105000128,52.11999806700007],[6.830673055000091,52.11289255800003],[6.771575683935481,52.108792501986215],[6.770884230223061,52.109119371361885],[6.759515414604721,52.114493719909234],[6.661898634414456,52.12730947545188],[6.671820509209113,52.14234731727487],[6.672130567571628,52.14761831303471],[6.671045362853192,52.15759186557207],[6.669340041409754,52.1616226260833],[6.666704543080243,52.16446482998791],[6.663293898394727,52.16586009396815],[6.653527052331611,52.168495592297774],[6.6456205582422,52.169839179434604],[6.610067173261427,52.16451650683132],[6.606036410951646,52.164929917981254],[6.601695591178583,52.16591176991221],[6.601695591178583,52.169115709022776],[6.600765415191773,52.17335317600825],[6.597354771405548,52.17805573188656],[6.591773716383926,52.17934764307924],[6.585727573368814,52.17955434775493],[6.557615593584785,52.17593699839372],[6.519116651911929,52.17883087824245],[6.495242140012749,52.177177231843785],[6.465889926778743,52.19443716084626],[6.418450962242105,52.23701854077305],[6.417365756624378,52.238413804753236],[6.411422967296176,52.24456330055585],[6.381657342012772,52.24678538683608],[6.347344191381353,52.238207099178254],[6.332461379189283,52.231282457019745],[6.322539504394626,52.22947378188954],[6.259235873936433,52.22885366516445],[6.189214307794032,52.23743195282236],[6.179602492261211,52.23769033524076],[6.17650190593821,52.23691518798549],[6.16704511913693,52.23205760427501],[6.159913771403438,52.225339666792166],[6.157743361067276,52.225132962116504],[6.154332717281136,52.22559805010994],[6.146116163929833,52.230300605088786],[6.14332563596929,52.23283274973164],[6.141930372888396,52.23510651285528],[6.141930372888396,52.23650177683555],[6.14224043125094,52.23748362876643],[6.145961134298915,52.2439431829315],[6.144100783224559,52.2488007684407],[6.139139844927968,52.25128123624003],[6.127926059839808,52.25448517535051],[6.12405032716083,52.25624217453674],[6.122345004818129,52.25949778869199],[6.12405032716083,52.262546699070896],[6.124515415154292,52.27091828115374],[6.10653201663925,52.299702052707545],[6.086068149425586,52.30554149014762],[6.080952183296631,52.309313870039006],[6.070668573296018,52.318357244791],[6.068033074966394,52.321767890375895],[6.069273309315747,52.32900259089686],[6.0780066257052,52.35096507397898],[6.087308383774939,52.35944000884933],[6.086533237418962,52.36372915357751],[6.081572300021634,52.370602118892606],[6.083587680726879,52.371997381973586],[6.086688267049851,52.37349599874133],[6.120019564851049,52.38036896405643],[6.134799025154905,52.40445018242994],[6.136194289135176,52.41561229157395],[6.134799025154905,52.41871287699766],[6.132731967606219,52.42129669938322],[6.111958042030039,52.43979686093638],[6.104206576672169,52.45204417569812],[6.095369906595977,52.46790884072041],[6.089013706117669,52.47379995410455],[6.081572300021634,52.47772736272759],[6.063847283924986,52.4894062358091],[6.056405876929659,52.49870799387875],[6.049584587558712,52.505322578574095],[6.042763299086971,52.507854723216866],[6.030671013956152,52.51100698548399],[6.001628859084576,52.50160187372748],[5.969692824364387,52.48496206324856],[5.939410435143458,52.479329332282816],[5.931348911423157,52.48062124347561],[5.924992710045473,52.48403188726175],[5.903857049263394,52.508836575147825],[5.891454704870768,52.52036041949779],[5.880988074739889,52.52112861229563],[5.866948142242933,52.5217913451944],[5.846520708364039,52.57769801045484],[5.832503424393508,52.58524577846987],[5.832503424393508,52.597106557421654],[5.843285950386274,52.60465432543677],[5.844232866353707,52.60531716715349],[5.895020379187201,52.61947581645572],[5.908197869036456,52.61999258129259],[5.913830600901576,52.61797719968797],[5.930108677073804,52.6163235541886],[5.939565463875084,52.61668528939458],[5.98783125161097,52.626762192920836],[6.019767287230536,52.6376142437023],[5.997753127304975,52.65384064393058],[5.978219435178858,52.660351874039804],[5.93786014243156,52.667586575460064],[5.929333529818535,52.67006704415877],[5.92654300275737,52.671669012814704],[5.928403354730989,52.67337433515743],[5.935689731196135,52.67756012619884],[5.939720492606625,52.68339956273965],[5.945301547628333,52.68877391218629],[5.93770511190138,52.714457099215736],[5.923442417333661,52.73988190382673],[5.916466099231087,52.747064928403745],[5.904787225250203,52.75647003836161],[5.858433465432114,52.779414374273955],[5.7851562842352,52.80370229822245],[5.822414991558617,52.81501943609808],[5.834197218326977,52.80876658840734],[5.837917922274301,52.807681382789525],[5.866184929890608,52.80483917888495],[5.871765984912287,52.80504588535928],[5.879362419739948,52.805924384502674],[5.908973016291725,52.81667308249675],[5.913830600901576,52.8196186391888],[5.918326450305443,52.82370107744276],[5.9218921237225,52.827576809222364],[5.924372593320584,52.83093577706444],[5.927938266737641,52.833364569819],[5.932899204134969,52.83522492089335],[5.953053012986175,52.838170478484784],[5.956773716034149,52.839720771196596],[5.959254184732856,52.84158112227095],[5.961889683062367,52.84127106390849],[5.967212354766389,52.839772447140746],[5.978994582434041,52.82923045472165],[5.988141309973514,52.82426951822367],[5.993102248270191,52.822822578299366],[6.032376336298853,52.821065579113224],[6.04663903176592,52.831039129851916],[6.047569206853382,52.83264110030652],[6.048499382840276,52.836981920079495],[6.049584587558712,52.83811880074208],[6.051910028425084,52.839307359147284],[6.06818810369802,52.842097887107826],[6.087463413405771,52.84333812145718],[6.12947635255162,52.85341502498346],[6.179757520992837,52.816776435284225],[6.187353956719761,52.81259064424282],[6.197792596351292,52.80535594282247],[6.206939324789971,52.7967259792205],[6.202443475386076,52.78819936840611],[6.166269971881661,52.766495265943746],[6.139914992183151,52.7586921255411],[6.130251498907512,52.74851186832805],[6.164874708800767,52.69342479122116],[6.169680616567177,52.69104767530993],[6.17650190593821,52.683812974788964],[6.179137404267834,52.682055976502085],[6.183323195309185,52.6799889189534],[6.191281366242094,52.678645330917306]]]}},{"type":"Feature","properties":{"adm1_code":"NLD-902","diss_me":902,"iso_3166_2":"NL-FL","wikipedia":null,"iso_a2":"NL","adm0_sr":1,"name":"Flevoland","name_alt":null,"name_local":null,"type":"Provincie","type_en":"Province","code_local":null,"code_hasc":"NL.FL","note":null,"hasc_maybe":null,"region":null,"region_cod":null,"provnum_ne":5,"gadm_level":1,"check_me":20,"scalerank":8,"datarank":8,"abbrev":null,"postal":"FL","area_sqkm":0,"sameascity":-99,"labelrank":8,"featurecla":"Admin-1 scale rank","name_len":9,"mapcolor9":2,"mapcolor13":9,"fips":"NL16","fips_alt":null,"woe_id":2346384,"woe_label":"Flevoland, NL, Netherlands","woe_name":"Flevoland","latitude":52.5508,"longitude":5.55746,"sov_a3":"NL1","adm0_a3":"NLD","adm0_label":6,"admin":"Netherlands","geonunit":null,"gu_a3":"NLD","gn_id":3319179,"gn_name":"Provincie Flevoland","gns_id":451545,"gns_name":"Flevoland, Provincie","gn_level":1,"gn_region":null,"gn_a1_code":"NL.16","region_sub":null,"sub_code":null,"gns_level":1,"gns_lang":"iku","gns_adm1":"NL16","gns_region":null,"min_label":8,"max_label":11,"min_zoom":8},"geometry":{"type":"Polygon","coordinates":[[[5.7851562842352,52.80370229822245],[5.858433465432114,52.779414374273955],[5.904787225250203,52.75647003836161],[5.916466099231087,52.747064928403745],[5.923442417333661,52.73988190382673],[5.93770511190138,52.714457099215736],[5.945301547628333,52.68877391218629],[5.939720492606625,52.68339956273965],[5.935689731196135,52.67756012619884],[5.928403354730989,52.67337433515743],[5.92654300275737,52.671669012814704],[5.929333529818535,52.67006704415877],[5.93786014243156,52.667586575460064],[5.978219435178858,52.660351874039804],[5.997753127304975,52.65384064393058],[6.019767287230536,52.6376142437023],[5.98783125161097,52.626762192920836],[5.939565463875084,52.61668528939458],[5.930108677073804,52.6163235541886],[5.913830600901576,52.61797719968797],[5.908197869036456,52.61999258129259],[5.895020379187201,52.61947581645572],[5.844232866353707,52.60531716715349],[5.843285950386274,52.60465432543677],[5.832503424393508,52.597106557421654],[5.832503424393508,52.58524577846987],[5.846520708364039,52.57769801045484],[5.866948142242933,52.5217913451944],[5.867007507390582,52.52162887457291],[5.865929255330855,52.50545508558375],[5.85514672933806,52.48065527472116],[5.837894687389905,52.46232498071325],[5.81525138244541,52.44075992872769],[5.795842834579219,52.42674264475724],[5.771043024615921,52.41380361374573],[5.733304183641167,52.40302108775296],[5.689095826711053,52.39008205584216],[5.654591743713979,52.38145603486811],[5.627635428732106,52.37175176183433],[5.600679112850798,52.357734477863914],[5.579114060865237,52.34479544685237],[5.562940271876045,52.31999563688916],[5.552157745883278,52.298430584903514],[5.532749198916434,52.27686553201869],[5.49716686296037,52.269317764003546],[5.426002191048269,52.26392650100715],[5.408921681290593,52.267722169742314],[5.406593644081454,52.268239511943904],[5.366119229119107,52.283151138414325],[5.367600324395397,52.28331549221616],[5.282839527322324,52.31849921896378],[5.248863075670442,52.32497092386899],[5.227830034728356,52.32497092386899],[5.190617730623813,52.32335299854205],[5.159877133223148,52.32820677722094],[5.104867639729832,52.36380115419996],[5.103249714402864,52.396159678726235],[5.159877133223148,52.42851820415177],[5.193853583975653,52.42851820415177],[5.167966764354702,52.47220221316164],[5.119428975766596,52.5158862212721],[5.095160083271224,52.58222119745028],[5.261806486380237,52.64855617452781],[5.277985748643346,52.68576847683369],[5.308726346943388,52.698711887543595],[5.358882060858434,52.68900433018564],[5.370207545341913,52.78931575711647],[5.37032308574183,52.7903391208537],[5.371825470668966,52.78931575711647],[5.557886989393012,52.79255161046842],[5.599953072176532,52.81196672518425],[5.632311596702806,52.82814598744736],[5.656580490097554,52.834617692352566],[5.680849384391649,52.837853543905936],[5.703500351559967,52.837853543905936],[5.717352093724173,52.83646837031901],[5.71999230270265,52.83677521450451],[5.740456169916314,52.83873891926564],[5.750119663191924,52.83506989216181],[5.77507937980954,52.81899852246383],[5.7851562842352,52.80370229822245]]]}},{"type":"Feature","properties":{"adm1_code":"NLD-903","diss_me":903,"iso_3166_2":"NL-ZE","wikipedia":null,"iso_a2":"NL","adm0_sr":1,"name":"Zeeland","name_alt":"Zelanda|Zélande|Zelândia","name_local":null,"type":"Provincie","type_en":"Province","code_local":null,"code_hasc":"NL.ZE","note":null,"hasc_maybe":null,"region":null,"region_cod":null,"provnum_ne":1,"gadm_level":1,"check_me":20,"scalerank":8,"datarank":8,"abbrev":null,"postal":"ZE","area_sqkm":0,"sameascity":-99,"labelrank":8,"featurecla":"Admin-1 scale rank","name_len":7,"mapcolor9":2,"mapcolor13":9,"fips":"NL10","fips_alt":null,"woe_id":2346382,"woe_label":"Zeeland, NL, Netherlands","woe_name":"Zeeland","latitude":51.2837,"longitude":3.78515,"sov_a3":"NL1","adm0_a3":"NLD","adm0_label":6,"admin":"Netherlands","geonunit":null,"gu_a3":"NLD","gn_id":2744011,"gn_name":"Provincie Zeeland","gns_id":-2156287,"gns_name":"Zeeland, Provincie","gn_level":1,"gn_region":null,"gn_a1_code":"NL.10","region_sub":null,"sub_code":null,"gns_level":1,"gns_lang":"fra","gns_adm1":"NL10","gns_region":null,"min_label":8,"max_label":11,"min_zoom":8},"geometry":{"type":"MultiPolygon","coordinates":[[[[3.73422285200013,51.355780341000084],[3.755544467000078,51.35008372600011],[3.795909050000148,51.35008372600011],[3.833994988000143,51.34324778900019],[3.858164910000141,51.345445054],[3.955821160000141,51.371771552],[3.969248894000117,51.381659247000115],[3.974619988000086,51.40159739799999],[3.98414147200009,51.410467841000056],[4.005707227000102,51.4098167990001],[4.02906334700009,51.40420156500009],[4.043467644000145,51.39850495000012],[4.050059441000116,51.392238674000154],[4.061289910000141,51.37665436400006],[4.070160352000073,51.370550848000065],[4.081309441000087,51.36815013200014],[4.105479363000114,51.36611562700001],[4.115489129000082,51.3609886740001],[4.121918165000096,51.35936107000008],[4.15650475400011,51.35757070500007],[4.17367597700013,51.37372467700014],[4.180023634000065,51.37742747599999],[4.199554884000122,51.376044012000094],[4.221491455026921,51.3680006030731],[4.220961547000115,51.36381683400005],[4.213520141000089,51.340536601000125],[4.207939087000085,51.33058888800012],[4.168561645000096,51.29687001600014],[4.118952271000097,51.272401225000024],[3.995032186000032,51.233230489000064],[3.949453572000067,51.21077708000017],[3.927026001000058,51.20625539200013],[3.8086869710001,51.20532521600008],[3.796284627000119,51.20876169800012],[3.781401815000095,51.21987213200005],[3.779748169000129,51.23031077100008],[3.781401815000095,51.241421204000105],[3.776234172000102,51.254521180000054],[3.757320597000046,51.262324321000065],[3.635054159000049,51.28782664],[3.609526001000091,51.290436300000025],[3.584824666000088,51.28953196300007],[3.54503381300006,51.28392506900006],[3.529014120000113,51.28333079100018],[3.514338012000024,51.281031189000075],[3.503382609000141,51.27395151800012],[3.501522258000136,51.262401836],[3.504106079000053,51.24974111000016],[3.501212199000065,51.24028432300018],[3.45387658700011,51.23563344400013],[3.421940552000109,51.237984721000075],[3.398798476784236,51.24469829324575],[3.391658163000102,51.24676971500004],[3.367370240000099,51.263487040000186],[3.353210897000054,51.28860178700002],[3.353934366000146,51.311907858000055],[3.358068481000061,51.3367125460001],[3.349414674022739,51.3752231178898],[3.349457227000073,51.37523021],[3.510915561000104,51.40794505400011],[3.525726759000065,51.41559479400014],[3.541351759000065,51.41673411699999],[3.604665561000104,51.391058661000116],[3.702159050000148,51.37360260600015],[3.73422285200013,51.355780341000084]]],[[[4.242614779648363,51.53933502938811],[4.230479363016144,51.519558010197],[4.19467207100007,51.52358633000016],[4.15333092500012,51.53506094],[4.137950066000087,51.535874742000104],[4.106293165000125,51.53351471600014],[4.091319207000083,51.53506094],[4.067230665000068,51.54401276200004],[3.988129102000073,51.590277411000116],[4.041188998000081,51.606024481000176],[4.067718946000042,51.61066315300012],[4.15723717500012,51.60789622600005],[4.18336022200009,51.6029320330001],[4.206811880933287,51.59055702362811],[4.206845855951457,51.59050983615994],[4.207526482661024,51.5895645209858],[4.233778109572057,51.57090932890243],[4.237033726425324,51.567963772210376],[4.244010043628634,51.55530304629862],[4.243855014897008,51.54336578989934],[4.242614779648363,51.53933502938811]]],[[[4.090017123000081,51.45823802299999],[4.10482832100007,51.445705471000096],[4.12875410200013,51.44135163],[4.180837436000076,51.44586823100006],[4.200450066000116,51.43952057500012],[4.22022545700014,51.44354889500009],[4.252777540000125,51.44253164300004],[4.263844051781547,51.44440318494118],[4.263850897400999,51.44439438339414],[4.264163853379131,51.44399201142214],[4.268659701883792,51.42931590390593],[4.265094027567358,51.4252851433947],[4.264008822848922,51.4219261755526],[4.262148471774594,51.41887726517369],[4.262768589398945,51.40745677271191],[4.266644321178546,51.388129787959414],[4.276101107979741,51.383117173718645],[4.279821811927093,51.37676097324034],[4.281062046276446,51.36931956624504],[4.281124221902786,51.36894651018663],[4.261067579111284,51.36937927502028],[4.257090691000116,51.37250397300012],[4.249034050000091,51.384222723],[4.24634850400011,51.396429755],[4.246836785000085,51.40672435100011],[4.244883660000141,51.414496161],[4.234711134000094,51.41901276200015],[4.222992384000122,51.40949127800015],[4.201019727000102,51.40534088700012],[4.111094597000118,51.40696849200005],[4.090342644000117,51.41128164300015],[4.070160352000073,51.41901276200015],[4.015147332000112,51.448919989000146],[3.998789910000085,51.45311107000008],[3.957041863000143,51.45579661700005],[3.94312584700009,51.450384833],[3.91342207100007,51.415269273000135],[3.902110222000061,51.40493398600002],[3.886729363000114,51.399807033000016],[3.850759311000047,51.39736562700007],[3.837901238000114,51.392238674000154],[3.82715905000012,51.391058661000116],[3.816416863000114,51.39411041900003],[3.789073113000114,51.41217682500006],[3.728770379000082,51.43081289300012],[3.68970787900011,51.454291083],[3.674001498000052,51.45538971600014],[3.632578972000147,51.445705471000096],[3.610036655000073,51.44505442900014],[3.553396030000073,51.45311107000008],[3.535411004000139,51.459214585000055],[3.520192905000073,51.47337474199999],[3.506846550000148,51.48932526200018],[3.494802280000044,51.500921942],[3.461924675000148,51.51898834800012],[3.451019727000073,51.529730536000145],[3.44703209700009,51.54596588700018],[3.457530144000145,51.55508047100007],[3.560394727000045,51.59463125200001],[3.828868035000113,51.61273834800012],[3.851084832000083,51.61078522300009],[3.866058790000125,51.60541413000011],[3.882172071000099,51.59609609600007],[3.896494988000086,51.58380768400012],[3.905772332000112,51.5692406270001],[3.895274285000141,51.56659577],[3.878265821000099,51.55939362200017],[3.871592644000117,51.555568752000156],[3.871592644000117,51.54938385600009],[3.967295769000089,51.54311758000013],[4.015879754000139,51.530829169000086],[4.057139519000089,51.508368231000176],[4.070323113000143,51.49274323100009],[4.090017123000081,51.45823802299999]]],[[[4.174425444578617,51.6432613190547],[4.196954970895234,51.63772724191868],[4.197784305001704,51.63789192397316],[4.197373152948671,51.63715488998626],[4.186127148874561,51.61680735903623],[4.146657748000081,51.61786530200014],[4.135996941000144,51.62042877800015],[4.125987175000148,51.62470123900006],[4.118011915000096,51.63068268400018],[4.112966342000078,51.639390367000075],[4.110919029384718,51.646986975513315],[4.1110982599767,51.64713206679143],[4.113796791788559,51.64931659198719],[4.13065633632084,51.65830450015265],[4.15306084338323,51.652877867719454],[4.174425444578617,51.6432613190547]]],[[[4.015391472000147,51.701727606000034],[4.020274285000113,51.69647858300014],[4.026621941000144,51.691107489],[4.03663170700014,51.68585846600011],[4.078379754000082,51.67861562700007],[4.097341342000078,51.67023346600003],[4.099375847000118,51.65412018400015],[4.089040561000104,51.64402903900019],[4.072601759000122,51.63690827000012],[4.054860873000109,51.63263580900012],[3.978037957000112,51.623277085],[3.960297071000099,51.623846747000144],[3.923106316000116,51.632473049000154],[3.901540561000104,51.64199453300016],[3.891937696000127,51.655503648000135],[3.885590040000096,51.66836172100015],[3.869802280000044,51.67609284100017],[3.830577019000117,51.68585846600011],[3.823903842000078,51.68988678600009],[3.817637566000116,51.69525788000011],[3.809255405000073,51.69953034100014],[3.795909050000148,51.700140692],[3.771250847000147,51.68183014500012],[3.765391472000118,51.67841217700011],[3.720550977000102,51.676825262000094],[3.700043165000125,51.68060944200012],[3.686696811000019,51.69269440300003],[3.689463738000086,51.725043036000145],[3.725840691000059,51.739732164000046],[3.810069207000083,51.74730052299999],[3.814219597000118,51.74823639500006],[3.830577019000117,51.74730052299999],[3.843760613000086,51.74282461100002],[3.939626498000081,51.741156317],[3.961761915000068,51.73810455900012],[3.978037957000112,51.73029205900012],[4.015391472000147,51.701727606000034]]]]}}]